<?xml version="1.0" encoding="utf-8"?>
<COLLADA xmlns="http://www.collada.org/2005/11/COLLADASchema" version="1.4.1" xmlns:xsi="http://www.w3.org/2001/XMLSchema-instance">
  <asset>
    <contributor>
      <author>Blender User</author>
      <authoring_tool>Blender 2.82.7</authoring_tool>
    </contributor>
    <created>2025-06-17T18:02:10</created>
    <modified>2025-06-17T18:02:10</modified>
    <unit name="meter" meter="1"/>
    <up_axis>Z_UP</up_axis>
  </asset>
  <library_lights>
    <light id="EnvironmentAmbientLight-light" name="EnvironmentAmbientLight">
      <technique_common>
        <directional>
          <color sid="color">0 0 0</color>
        </directional>
      </technique_common>
      <extra>
        <technique profile="blender">
          <type sid="type" type="int">1</type>
          <flag sid="flag" type="int">0</flag>
          <mode sid="mode" type="int">1</mode>
          <gamma sid="blender_gamma" type="float">1</gamma>
          <red sid="red" type="float">0</red>
          <green sid="green" type="float">0</green>
          <blue sid="blue" type="float">0</blue>
          <shadow_r sid="blender_shadow_r" type="float">0</shadow_r>
          <shadow_g sid="blender_shadow_g" type="float">0</shadow_g>
          <shadow_b sid="blender_shadow_b" type="float">0</shadow_b>
          <energy sid="blender_energy" type="float">1</energy>
          <dist sid="blender_dist" type="float">25</dist>
          <spotsize sid="spotsize" type="float">45</spotsize>
          <spotblend sid="spotblend" type="float">0.15</spotblend>
          <att1 sid="att1" type="float">0</att1>
          <att2 sid="att2" type="float">1</att2>
          <falloff_type sid="falloff_type" type="int">2</falloff_type>
          <clipsta sid="clipsta" type="float">0.04999995</clipsta>
          <clipend sid="clipend" type="float">40</clipend>
          <bias sid="bias" type="float">1</bias>
          <soft sid="soft" type="float">3</soft>
          <bufsize sid="bufsize" type="int">512</bufsize>
          <samp sid="samp" type="int">3</samp>
          <buffers sid="buffers" type="int">1</buffers>
          <area_shape sid="area_shape" type="int">0</area_shape>
          <area_size sid="area_size" type="float">0.25</area_size>
          <area_sizey sid="area_sizey" type="float">0.25</area_sizey>
          <area_sizez sid="area_sizez" type="float">0.25</area_sizez>
        </technique>
      </extra>
    </light>
  </library_lights>
  <library_effects>
    <effect id="_1_-_Default-effect">
      <profile_COMMON>
        <newparam sid="kinect_jpg-surface">
          <surface type="2D">
            <init_from>kinect_jpg</init_from>
          </surface>
        </newparam>
        <newparam sid="kinect_jpg-sampler">
          <sampler2D>
            <source>kinect_jpg-surface</source>
          </sampler2D>
        </newparam>
        <technique sid="common">
          <lambert>
            <emission>
              <color sid="emission">0 0 0 1</color>
            </emission>
            <diffuse>
              <texture texture="kinect_jpg-sampler" texcoord="geom-kinect_m-map1"/>
            </diffuse>
            <index_of_refraction>
              <float sid="ior">1.45</float>
            </index_of_refraction>
          </lambert>
        </technique>
      </profile_COMMON>
    </effect>
  </library_effects>
  <library_images>
    <image id="kinect_jpg" name="kinect_jpg">
      <init_from>kinect.jpg</init_from>
    </image>
  </library_images>
  <library_materials>
    <material id="_1_-_Default-material" name="_1_-_Default">
      <instance_effect url="#_1_-_Default-effect"/>
    </material>
  </library_materials>
  <library_geometries>
    <geometry id="kinect_m-mesh" name="kinect_m">
      <mesh>
        <source id="kinect_m-mesh-positions">
          <float_array id="kinect_m-mesh-positions-array" count="3096">-0.1061134 0.0526061 -0.02802276 -0.1352909 0.0526061 0.02597719 0.1352934 0.0526061 0.02597719 -0.1352909 0.05256527 0.02654755 0.1061159 0.0526061 -0.02802276 0.1357952 0.05256527 0.02570605 0.135778 0.05256617 0.02626615 0.1352934 0.05256527 0.02654755 -0.1066147 0.05256533 -0.0282936 -0.1357927 0.05256527 0.02570605 -0.1357754 0.05256617 0.02626615 0.1061159 0.05256533 -0.02859246 -0.13881 0.01860612 0.02407568 -0.13881 0.04860615 0.02407568 -0.1096326 0.04860615 -0.02992421 -0.1388007 0.04889607 0.02408069 -0.1096326 0.01860612 -0.02992421 -0.109346 0.04860615 -0.03037869 -0.1096237 0.04889023 -0.02991944 -0.1390514 0.01860612 0.02461385 -0.1390514 0.04860615 0.02461385 -0.1096237 0.01832205 -0.02991944 -0.1388009 0.01831799 0.02408063 -0.109346 0.01860612 -0.03037869 -0.1093304 0.01813381 -0.03035259 -0.1061134 0.01860612 -0.03202277 -0.1061134 0.04860615 -0.03202277 0.1061159 0.04860615 -0.03202277 -0.1061134 0.04889023 -0.03201264 0.1061159 0.01860612 -0.03202277 0.1066521 0.04860615 -0.03198665 0.1061159 0.04889023 -0.03201264 -0.1066462 0.01860612 -0.03198713 -0.1066462 0.04860615 -0.03198713 -0.1066309 0.04907673 -0.03196114 0.1061159 0.01832205 -0.03201264 -0.1061134 0.01832205 -0.03201264 0.1066521 0.01860612 -0.03198665 0.1066365 0.01813381 -0.03196054 0.1096352 0.01860612 -0.02992421 0.1096352 0.04860615 -0.02992421 0.1388126 0.04860615 0.02407568 0.1096263 0.04889023 -0.02991944 0.1388126 0.01860612 0.02407568 0.1390539 0.04860615 0.02461385 0.1388033 0.04889607 0.02408069 0.1093505 0.01860612 -0.03037613 0.1093505 0.04860615 -0.03037613 0.109335 0.04907673 -0.03035014 0.1388034 0.01831799 0.02408063 0.1096263 0.01832205 -0.02991944 0.1390539 0.01860612 0.02461385 0.1352934 0.01860612 0.0299772 0.1352934 0.04860615 0.0299772 -0.1352909 0.04860615 0.0299772 0.1352934 0.04889607 0.02996665 -0.1352909 0.01860612 0.0299772 -0.135879 0.04860615 0.02993369 -0.1352909 0.04889607 0.02996665 0.1358816 0.01860612 0.02993369 0.1358816 0.04860615 0.02993369 -0.1352909 0.01831799 0.02996677 0.1352934 0.01831799 0.02996677 -0.135879 0.01860612 0.02993369 -0.1352909 0.01460611 0.02597719 -0.00103271 0.01460611 0.007413029 1.28414e-6 0.01460611 0.007477164 0.001035273 0.01460611 0.007413029 -0.002034723 0.01460611 0.007229685 -0.003011226 0.01460611 0.00692451 -0.003950774 0.01460611 0.00650227 -0.004825115 0.01460611 0.00597316 -0.005636751 0.01460611 0.005337536 -0.00635904 0.01460611 0.004615247 -0.006994664 0.01460611 0.00380361 -0.007523775 0.01460611 0.00292927 -0.007946014 0.01460611 0.001989722 -0.008251249 0.01460611 0.001012802 -0.008435845 0.01460611 1.1794e-6 -0.008498668 0.01460611 -0.001022756 -0.1061134 0.01460611 -0.02802276 -0.008435845 0.01460611 -0.002046704 -0.008251249 0.01460611 -0.003058373 -0.007946014 0.01460611 -0.004035294 -0.007523775 0.01460611 -0.004974842 -0.006994664 0.01460611 -0.005849182 -0.00635904 0.01460611 -0.006660819 -0.005636751 0.01460611 -0.007383108 -0.004825115 0.01460611 -0.008018732 -0.003950774 0.01460611 -0.008547842 -0.003011226 0.01460611 -0.008970081 -0.002034723 0.01460611 -0.009275257 -0.00103271 0.01460611 -0.009458601 0.1061159 0.01460611 -0.02802276 1.28414e-6 0.01460611 -0.009522736 0.001035273 0.01460611 -0.009458601 0.002037286 0.01460611 -0.009275257 0.003013789 0.01460611 -0.008970081 0.003953337 0.01460611 -0.008547842 0.004827678 0.01460611 -0.008018732 0.005639314 0.01460611 -0.007383108 0.006361603 0.01460611 -0.006660819 0.006997227 0.01460611 -0.005849182 0.007526338 0.01460611 -0.004974842 0.007948637 0.01460611 -0.004035294 0.008253812 0.01460611 -0.003058373 0.008438408 0.01460611 -0.002046704 0.008501231 0.01460611 -0.001022756 0.008438408 0.01460611 1.1794e-6 0.008253812 0.01460611 0.001012802 0.007948637 0.01460611 0.001989722 0.007526338 0.01460611 0.00292927 0.006997227 0.01460611 0.00380361 0.006361603 0.01460611 0.004615247 0.005639314 0.01460611 0.005337536 0.004827678 0.01460611 0.00597316 0.003953337 0.01460611 0.00650227 0.003013789 0.01460611 0.00692451 0.1352934 0.01460611 0.02597719 0.002037286 0.01460611 0.007229685 0.1352934 0.01464462 0.02653056 0.1357824 0.01464682 0.02626872 0.1357803 0.01464462 0.02571415 -0.1061134 0.01464688 -0.02859246 0.1061159 0.01464688 -0.02859246 -0.1357777 0.01464462 0.02571415 -0.1066147 0.01464688 -0.0282936 -0.1352909 0.01464462 0.02653056 -0.1357797 0.01464682 0.02626872 -0.1392109 0.01860612 0.02518165 -0.1392109 0.04860615 0.02518165 -0.1392853 0.01860612 0.02576678 -0.1392853 0.04860615 0.02576678 -0.1392729 0.01860612 0.02635645 -0.1392729 0.04860615 0.02635645 -0.1392571 0.04908043 0.02576696 -0.1391738 0.01860612 0.02693784 -0.1391738 0.04860615 0.02693784 -0.1392399 0.04912132 0.02635067 -0.1389903 0.01860612 0.02749842 -0.1389903 0.04860615 0.02749842 -0.1391382 0.04915112 0.02692645 -0.1387264 0.01860612 0.02802586 -0.1387264 0.04860615 0.02802586 -0.1389541 0.0491693 0.02748185 -0.1383877 0.01860612 0.02850878 -0.1383877 0.04860615 0.02850878 -0.1386914 0.04917538 0.028005 -0.1379819 0.01860612 0.02893668 -0.1379819 0.04860615 0.02893668 -0.1379549 0.04915112 0.02891075 -0.138356 0.0491693 0.02848476 -0.1375174 0.01860612 0.02930021 -0.1375174 0.04860615 0.02930021 -0.1374967 0.04912132 0.02927398 -0.1370046 0.01860612 0.0295915 -0.1370046 0.04860615 0.0295915 -0.1369913 0.04908043 0.02956652 -0.1364545 0.01860612 0.02980422 -0.1364545 0.04860615 0.02980422 -0.1369929 0.01813596 0.02956634 -0.137498 0.01809555 0.0292738 -0.1379559 0.01806598 0.02891075 -0.1383568 0.01804798 0.02848488 -0.1386921 0.01804196 0.02800536 -0.1391386 0.01806598 0.02692735 -0.1389546 0.01804798 0.02748245 -0.1392404 0.01809555 0.02635186 -0.1392577 0.01813596 0.02576839 -0.1071734 0.01860612 -0.03187978 -0.1071734 0.04860615 -0.03187978 -0.1071551 0.04912918 -0.03184914 -0.1076812 0.01860612 -0.03170269 -0.1076812 0.04860615 -0.03170269 -0.107663 0.04913628 -0.03167212 -0.1081607 0.01860612 -0.03145915 -0.1081607 0.04860615 -0.03145915 -0.1081399 0.04917514 -0.03142416 -0.1086032 0.01860612 -0.03115338 -0.1086032 0.04860615 -0.03115338 -0.108585 0.04913687 -0.03112274 -0.1090007 0.01860612 -0.0307911 -0.1090007 0.04860615 -0.0307911 -0.1089824 0.04913002 -0.0307604 -0.1093304 0.04907846 -0.03035259 -0.1089824 0.0180822 -0.0307604 -0.108585 0.0180754 -0.03112274 -0.1081399 0.01803714 -0.03142416 -0.107663 0.018076 -0.03167212 -0.1071551 0.01808309 -0.03184914 -0.1066309 0.01813554 -0.03196114 0.1090055 0.01860612 -0.03078877 0.1090055 0.04860615 -0.03078877 0.1089873 0.04912918 -0.03075814 0.1086083 0.01860612 -0.03115141 0.1086083 0.04860615 -0.03115141 0.1085901 0.04913628 -0.03112083 0.108166 0.01860612 -0.03145748 0.108166 0.04860615 -0.03145748 0.1081452 0.04917514 -0.03142255 0.1076868 0.01860612 -0.03170144 0.1076868 0.04860615 -0.03170144 0.1076685 0.04913687 -0.0316708 0.107179 0.01860612 -0.03187894 0.107179 0.04860615 -0.03187894 0.1071607 0.04913002 -0.03184819 0.1066365 0.04907846 -0.03196054 0.1071607 0.0180822 -0.03184819 0.1076685 0.0180754 -0.0316708 0.1081452 0.01803714 -0.03142255 0.1085901 0.018076 -0.03112083 0.1089873 0.01808309 -0.03075814 0.109335 0.01813554 -0.03035014 0.136457 0.01860612 0.02980422 0.136457 0.04860615 0.02980422 0.1370071 0.01860612 0.0295915 0.1370071 0.04860615 0.0295915 0.13752 0.01860612 0.02930021 0.13752 0.04860615 0.02930021 0.1369939 0.04908043 0.02956652 0.1379843 0.01860612 0.02893668 0.1379843 0.04860615 0.02893668 0.1374993 0.04912132 0.02927398 0.1383904 0.01860612 0.02850878 0.1383904 0.04860615 0.02850878 0.1379575 0.04915112 0.02891075 0.138729 0.01860612 0.02802586 0.138729 0.04860615 0.02802586 0.1383586 0.0491693 0.02848476 0.1389929 0.01860612 0.02749842 0.1389929 0.04860615 0.02749842 0.138694 0.04917538 0.028005 0.1391764 0.01860612 0.02693784 0.1391764 0.04860615 0.02693784 0.1391408 0.04915112 0.02692645 0.1389566 0.0491693 0.02748185 0.1392754 0.01860612 0.02635645 0.1392754 0.04860615 0.02635645 0.1392425 0.04912132 0.02635067 0.1392879 0.01860612 0.02576678 0.1392879 0.04860615 0.02576678 0.1392596 0.04908043 0.02576696 0.1392135 0.01860612 0.02518165 0.1392135 0.04860615 0.02518165 0.1392602 0.01813596 0.02576839 0.139243 0.01809555 0.02635186 0.1391412 0.01806598 0.02692735 0.1389571 0.01804798 0.02748245 0.1386946 0.01804196 0.02800536 0.1379585 0.01806598 0.02891075 0.1383594 0.01804798 0.02848488 0.1375006 0.01809555 0.0292738 0.1369954 0.01813596 0.02956634 0.1352934 0.04905802 0.02995157 0.1358637 0.04933553 0.02986854 0.1352934 0.04919946 0.02993291 0.1364107 0.04945176 0.02972376 0.1369343 0.04955035 0.02950078 0.1374239 0.04962927 0.0292043 0.1378689 0.04968684 0.0288406 0.1382602 0.04972183 0.02841711 0.1385897 0.04973363 0.02794277 0.1390369 0.04968684 0.02688187 0.1388504 0.04972183 0.02742743 0.1391454 0.04962927 0.02631741 0.1391735 0.04955035 0.02574586 0.1391206 0.04945176 0.02517914 0.1389881 0.04933553 0.02462911 0.1387736 0.04919946 0.02409672 0.1387901 0.04905796 0.0240879 0.1095996 0.04917305 -0.02990502 0.1362363 0.05245989 0.02546775 0.1070394 0.05246597 -0.02852171 0.1066172 0.05256533 -0.0282936 0.1365454 0.05240452 0.02604603 0.1368066 0.05228281 0.0255385 0.1362874 0.05244326 0.02544015 0.1071083 0.05244386 -0.0285589 0.1362576 0.05244541 0.02655214 0.1352934 0.05245989 0.02704882 0.1359491 0.05240452 0.02704596 -0.1352909 0.05245989 0.02704882 0.1352934 0.05244326 0.02710694 -0.1352909 0.05244326 0.02710694 0.1352934 0.05224162 0.02764546 -0.1352909 0.05224162 0.02764546 0.1367612 0.05224162 0.02518415 0.107579 0.05224406 -0.02881324 0.1370337 0.05208277 0.02503687 0.1373147 0.05204164 0.02564287 0.1372023 0.05196654 0.02494579 0.1079464 0.05202245 -0.02901178 0.1370998 0.05217218 0.02611929 0.1368522 0.05223804 0.02659308 0.1365762 0.05223804 0.02705579 0.1362771 0.05217218 0.0274989 0.1352934 0.05208277 0.02795529 0.1359601 0.05204164 0.0279144 -0.1352909 0.05208277 0.02795529 0.135631 0.05184876 0.0282948 0.1352934 0.05196648 0.02814692 -0.1352909 0.05196654 0.02814692 0.1352934 0.0516259 0.02860039 -0.1352909 0.05159729 0.02863293 0.1084221 0.05162763 -0.0292688 0.1376299 0.05159729 0.0247147 0.10802 0.05197012 -0.02905154 0.1379721 0.05141049 0.02499741 0.1380388 0.05110865 0.02449381 0.1379452 0.05123573 0.02454435 0.1378441 0.05165261 0.02551531 0.1376613 0.05182933 0.02604317 0.1374277 0.05193686 0.0265696 0.1371484 0.05197298 0.02708327 0.1368291 0.05193686 0.02757328 0.1364771 0.05182933 0.02802902 0.1360996 0.05165261 0.02844077 0.1357048 0.05141049 0.02879965 0.1352934 0.05123573 0.02899134 -0.1352909 0.05123573 0.02899134 0.1352934 0.05110865 0.02909767 -0.1352909 0.05110865 0.02909767 0.1087772 0.05122351 -0.02946066 0.1383313 0.05093812 0.02482253 0.1383177 0.05065155 0.02434313 0.1382262 0.05081701 0.0243926 0.1088194 0.05116701 -0.02948343 0.138282 0.05118113 0.02531564 0.1381759 0.05137509 0.02582132 0.1380148 0.05151635 0.02633005 0.137802 0.05160218 0.02683198 0.1375414 0.05163103 0.0273177 0.1368975 0.05151635 0.02820372 0.137238 0.05160218 0.02777785 0.1365266 0.05137509 0.02858722 0.1361321 0.05118113 0.028921 0.1357217 0.05093812 0.02919876 0.1352934 0.05081701 0.02931064 -0.1352909 0.05081701 0.02931064 0.1352934 0.05065155 0.02941465 -0.1352909 0.05065155 0.02941465 0.109078 0.05076599 -0.02962321 0.1385072 0.05023604 0.02424073 0.138447 0.05038148 0.02427327 0.1092061 0.05052 -0.02969247 0.1385964 0.05073487 0.02522945 0.1385441 0.05092555 0.02574628 0.1384297 0.05107188 0.02626746 0.1382552 0.051171 0.0267831 0.138024 0.05122101 0.02728337 0.1377406 0.05122101 0.02775859 0.1374104 0.051171 0.02819979 0.1370397 0.05107188 0.02859842 0.1366355 0.05092555 0.02894687 0.1362057 0.05073487 0.02923852 0.1352934 0.05038148 0.02956163 -0.1352909 0.05038148 0.02956163 0.1352934 0.05023604 0.02963006 -0.1352909 0.05023604 0.02963006 0.1093186 0.05026423 -0.02975314 0.1387723 0.05010479 0.02469217 0.1386339 0.04986447 0.02417224 0.1386089 0.04994708 0.02418571 0.1094145 0.05000025 -0.029805 0.1388162 0.0504918 0.02579313 0.1387248 0.05062663 0.0263555 0.1385599 0.05071806 0.02690982 0.138325 0.05076432 0.02744412 0.1380251 0.05076432 0.027947 0.1376667 0.05071806 0.02840763 0.1372575 0.05062663 0.02881622 0.1368061 0.0504918 0.02916401 0.1358166 0.05010479 0.02964872 0.1352934 0.04994708 0.02974569 -0.1352909 0.04994708 0.02974569 0.1352934 0.04986447 0.02977412 -0.1352909 0.04986447 0.02977412 0.1387218 0.04950863 0.02412474 0.1094935 0.04972952 -0.02984768 0.1389997 0.04986995 0.02516108 0.1390294 0.05000966 0.02570813 0.1389845 0.05012136 0.02626055 0.1388658 0.05020272 0.0268073 0.1386757 0.05025219 0.02733749 0.1384181 0.05026882 0.02784049 0.138098 0.05025219 0.02830624 0.137722 0.05020272 0.0287255 0.1372974 0.05012136 0.0290898 0.1368327 0.05000966 0.02939194 0.1363373 0.04986995 0.02962589 0.1352934 0.04951852 0.02987176 -0.1352909 0.04950863 0.02987402 -0.1352909 0.04919946 0.02993291 0.1095553 0.04945331 -0.02988111 -0.1352909 0.04905796 0.02995157 0.1072999 0.05231088 -0.02895724 0.1066957 0.0524435 -0.02899163 0.1081754 0.05174803 -0.02939665 0.1075472 0.05208915 -0.02937197 0.1083831 0.0514158 -0.02974498 0.1085658 0.05103164 -0.03005141 0.1091078 0.05041199 -0.02996909 0.1092126 0.04998713 -0.03014498 0.1092888 0.04953962 -0.03027266 0.1087201 0.05060267 -0.03031021 0.1088432 0.05013674 -0.03051662 0.1089328 0.04964256 -0.03066688 0.1077771 0.05180478 -0.02975749 0.1079855 0.051463 -0.0301069 0.1081685 0.05106985 -0.03041386 0.108323 0.05063241 -0.0306729 0.1084461 0.05015861 -0.03087937 0.1085357 0.04965686 -0.03102958 0.1069694 0.05224382 -0.02945065 0.1072257 0.05197024 -0.02988058 0.1074596 0.05162817 -0.03027266 0.1076661 0.05122464 -0.03061902 0.1078411 0.05076789 -0.03091251 0.1079811 0.05026715 -0.0311473 0.1080832 0.04973262 -0.03131842 0.1061159 0.05246764 -0.02906614 0.1063758 0.05231308 -0.02950304 0.1066235 0.05209165 -0.02991843 0.1068538 0.05180746 -0.03030467 0.1070626 0.05146563 -0.03065472 0.107246 0.05107229 -0.03096234 0.1074008 0.05063456 -0.03122192 0.1075242 0.05016028 -0.03142887 0.107614 0.04965806 -0.03157937 -0.1061134 0.05256533 -0.02859246 0.1061159 0.05244386 -0.0291506 -0.1061134 0.05246597 -0.02907234 0.1061159 0.05224406 -0.02968567 0.1063465 0.05175179 -0.03048276 0.1061159 0.05202609 -0.03009736 0.1065548 0.05141955 -0.03083205 0.106738 0.05103516 -0.03113931 0.1068928 0.05060571 -0.03139889 0.1070163 0.05013918 -0.03160595 0.1071061 0.04964423 -0.03175663 -0.1061134 0.05244386 -0.0291506 -0.1061134 0.05224406 -0.02968567 0.1061159 0.05197012 -0.03018689 -0.1061134 0.05202245 -0.03010332 0.1061159 0.05162763 -0.03064393 0.1061159 0.05122351 -0.03104752 0.1061159 0.05117446 -0.0310893 0.1065133 0.0499919 -0.03175395 0.10659 0.0495429 -0.03188252 -0.1061134 0.05197012 -0.03018689 -0.1061134 0.05162763 -0.03064393 -0.1061134 0.05122351 -0.03104752 0.1061159 0.05076599 -0.03138947 -0.1061134 0.05116701 -0.03109556 0.1061159 0.05026423 -0.03166288 0.1061159 0.05052 -0.0315352 0.1061159 0.04972952 -0.03186178 0.1061159 0.05000025 -0.03177195 0.1061159 0.04945331 -0.03193199 0.1061159 0.04917305 -0.03198236 -0.1061134 0.05076599 -0.03138947 -0.1061134 0.05052 -0.0315352 -0.1061134 0.05026423 -0.03166288 -0.1061134 0.05000025 -0.03177195 -0.1061134 0.04972952 -0.03186178 -0.1061134 0.04945331 -0.03193199 -0.1061134 0.04917305 -0.03198236 -0.1063728 0.05231088 -0.02950859 -0.1066903 0.0524435 -0.0289933 -0.1063432 0.05174803 -0.03048765 -0.1066201 0.05208915 -0.02992331 -0.1065509 0.0514158 -0.03083598 -0.1067336 0.05103164 -0.03114241 -0.1064036 0.05041199 -0.03158009 -0.1065085 0.04998713 -0.03175598 -0.1065847 0.04953962 -0.03188365 -0.1068879 0.05060267 -0.03140121 -0.1070111 0.05013674 -0.03160762 -0.1071007 0.04964256 -0.03175789 -0.10685 0.05180478 -0.03030884 -0.1070584 0.051463 -0.03065818 -0.1072414 0.05106985 -0.0309652 -0.1073959 0.05063241 -0.03122425 -0.107519 0.05015861 -0.03143072 -0.1076086 0.04965686 -0.03158092 -0.106964 0.05224382 -0.02945226 -0.1072204 0.05197024 -0.02988219 -0.1074542 0.05162817 -0.03027433 -0.1076608 0.05122464 -0.03062069 -0.1078358 0.05076789 -0.03091418 -0.1079758 0.05026715 -0.03114891 -0.1080778 0.04973262 -0.03132009 -0.1070314 0.05246764 -0.02851873 -0.1072923 0.05231308 -0.02895498 -0.10754 0.05209165 -0.02937042 -0.1077703 0.05180746 -0.02975666 -0.1079791 0.05146563 -0.03010672 -0.1081625 0.05107229 -0.03041428 -0.1083173 0.05063456 -0.03067392 -0.1084407 0.05016028 -0.0308808 -0.1085304 0.04965806 -0.03103137 -0.1071057 0.05244386 -0.0285589 -0.1362337 0.05245989 0.02546775 -0.1075765 0.05224406 -0.02881324 -0.1081682 0.05175179 -0.02939492 -0.1079387 0.05202609 -0.02900898 -0.1083765 0.05141955 -0.0297442 -0.1085597 0.05103516 -0.03005146 -0.1087145 0.05060571 -0.03031104 -0.1088379 0.05013918 -0.03051811 -0.1089278 0.04964423 -0.03066885 -0.1362848 0.05244326 0.02544015 -0.1367586 0.05224162 0.02518415 -0.1080174 0.05197012 -0.02905154 -0.1370311 0.05208277 0.02503687 -0.1084195 0.05162763 -0.0292688 -0.1087746 0.05122351 -0.02946066 -0.1088114 0.05117446 -0.02948051 -0.1092072 0.0499919 -0.030146 -0.1092839 0.0495429 -0.03027456 -0.1371998 0.05196648 0.02494573 -0.1376274 0.05159729 0.0247147 -0.1379427 0.05123573 0.02454435 -0.1090755 0.05076599 -0.02962321 -0.1380362 0.05110865 0.02449381 -0.109316 0.05026423 -0.02975314 -0.1092036 0.05052 -0.02969247 -0.109491 0.04972952 -0.02984768 -0.1094119 0.05000025 -0.029805 -0.1095528 0.04945331 -0.02988111 -0.1095971 0.04917305 -0.02990502 -0.1383151 0.05065155 0.02434313 -0.1382236 0.05081701 0.02439254 -0.1384444 0.05038148 0.02427327 -0.1385046 0.05023604 0.02424073 -0.1386064 0.04994708 0.02418571 -0.1387193 0.04950863 0.02412474 -0.1386313 0.04986447 0.02417224 -0.1387711 0.04919946 0.02409672 -0.1387875 0.04905802 0.0240879 -0.1365429 0.05240452 0.02604603 -0.1373121 0.05204164 0.02564287 -0.1379696 0.05141049 0.02499741 -0.1383287 0.05093812 0.02482253 -0.1387698 0.05010479 0.02469217 -0.1389855 0.04933553 0.02462911 -0.1391181 0.04945176 0.02517914 -0.1391709 0.04955035 0.02574586 -0.1391428 0.04962927 0.02631741 -0.1390343 0.04968684 0.02688187 -0.1388478 0.04972183 0.02742743 -0.1385871 0.04973363 0.02794277 -0.1378663 0.04968684 0.0288406 -0.1382577 0.04972183 0.02841711 -0.1374213 0.04962927 0.0292043 -0.1369318 0.04955035 0.02950078 -0.1364082 0.04945176 0.02972376 -0.1358612 0.04933553 0.02986854 -0.1359466 0.05240452 0.02704596 -0.1356243 0.05228281 0.02751702 -0.136255 0.05244541 0.02655214 -0.1359575 0.05204164 0.0279144 -0.1362746 0.05217218 0.0274989 -0.1365737 0.05223804 0.02705579 -0.1368496 0.05223804 0.02659308 -0.1370972 0.05217218 0.02611929 -0.1357022 0.05141049 0.02879965 -0.136097 0.05165261 0.02844077 -0.1364745 0.05182933 0.02802902 -0.1368266 0.05193686 0.02757328 -0.1371458 0.05197298 0.02708327 -0.1374252 0.05193686 0.0265696 -0.1376587 0.05182933 0.02604317 -0.1378415 0.05165261 0.02551531 -0.1357191 0.05093812 0.02919876 -0.1361294 0.05118113 0.028921 -0.136524 0.05137509 0.02858722 -0.136895 0.05151635 0.02820372 -0.1372354 0.05160218 0.02777785 -0.1375388 0.05163103 0.0273177 -0.1380123 0.05151635 0.02633005 -0.1377994 0.05160218 0.02683198 -0.1381733 0.05137509 0.02582132 -0.1382794 0.05118113 0.02531564 -0.1362031 0.05073487 0.02923852 -0.136633 0.05092555 0.02894687 -0.137037 0.05107188 0.02859842 -0.1374078 0.051171 0.02819979 -0.1377381 0.05122101 0.02775859 -0.1380215 0.05122101 0.02728337 -0.1382526 0.051171 0.0267831 -0.1384271 0.05107188 0.02626746 -0.1385415 0.05092555 0.02574628 -0.1385938 0.05073487 0.02522945 -0.1358141 0.05010479 0.02964872 -0.1368036 0.0504918 0.02916401 -0.1372549 0.05062663 0.02881622 -0.1376641 0.05071806 0.02840763 -0.1380226 0.05076432 0.027947 -0.1383224 0.05076432 0.02744412 -0.1385573 0.05071806 0.02690982 -0.1387223 0.05062663 0.0263555 -0.1388137 0.0504918 0.02579313 -0.1363348 0.04986995 0.02962589 -0.1368302 0.05000966 0.02939194 -0.1372948 0.05012136 0.0290898 -0.1377194 0.05020272 0.0287255 -0.1380954 0.05025219 0.02830624 -0.1384155 0.05026882 0.02784049 -0.1386732 0.05025219 0.02733749 -0.1388632 0.05020272 0.0268073 -0.1389819 0.05012136 0.02626055 -0.1390269 0.05000966 0.02570813 -0.1389971 0.04986995 0.02516108 0.1387877 0.01813125 0.02408915 0.1389889 0.0178799 0.02462965 0.138774 0.01801609 0.02409648 0.1391217 0.01776421 0.0251798 0.1391745 0.01766604 0.02574658 0.1391465 0.01758748 0.02631813 0.1390381 0.01753014 0.02688258 0.1388516 0.01749527 0.0274282 0.1385909 0.01748359 0.02794355 0.1378701 0.01753014 0.02884125 0.1382614 0.01749527 0.02841788 0.137425 0.01758748 0.02920496 0.1369355 0.01766604 0.02950137 0.1364117 0.01776421 0.02972424 0.1358646 0.0178799 0.02986901 0.1352934 0.01801609 0.02993345 0.1352934 0.01813131 0.02994889 -0.1352909 0.01813125 0.02994889 0.1095996 0.01803916 -0.02990502 0.1387129 0.01766103 0.02412956 0.1095553 0.01775896 -0.02988111 0.138986 0.01709508 0.02626234 0.1388674 0.01701396 0.02680885 0.1386774 0.01696467 0.0273388 0.1384199 0.0169481 0.02784156 0.1377241 0.01701396 0.02872616 0.1381 0.01696467 0.02830713 0.1372995 0.01709508 0.02909034 0.1352934 0.01769626 0.02987229 -0.1352909 0.01801609 0.02993345 -0.1352909 0.01766103 0.02986395 0.1387743 0.01710975 0.02469474 0.138634 0.01734805 0.02417218 0.1388341 0.01689857 0.0252372 0.1388182 0.01672393 0.02579545 0.1387269 0.01658952 0.02635765 0.1385621 0.01649832 0.02691167 0.1383273 0.01645225 0.02744567 0.1380276 0.01645225 0.02794826 0.1376694 0.01649832 0.0284087 0.1372603 0.01658952 0.02881705 0.1368091 0.01672393 0.02916467 0.1363255 0.01689857 0.02944403 0.1358198 0.01710975 0.02964919 0.1352934 0.01734805 0.02977418 0.1094935 0.01748275 -0.02984768 0.13859 0.01720643 0.0241959 0.1094145 0.01721203 -0.029805 0.1385075 0.01697713 0.02424055 0.1385987 0.01648062 0.02523076 0.1385467 0.01629018 0.02574765 0.1384324 0.01614409 0.02626901 0.138258 0.01604509 0.02678477 0.1380269 0.01599514 0.02728509 0.1374132 0.01604509 0.02820152 0.1377435 0.01599514 0.02776032 0.1370424 0.01614409 0.02860009 0.136638 0.01629018 0.02894848 0.1362079 0.01648062 0.02923995 0.1352934 0.01697713 0.02963042 -0.1352909 0.01734805 0.02977418 0.1352934 0.01720643 0.02972429 -0.1352909 0.01720643 0.02972429 0.1384162 0.01676183 0.0242899 0.1093186 0.01694804 -0.02975314 0.1383339 0.01627784 0.02482205 0.1383195 0.01656424 0.02434211 0.1382851 0.01603472 0.02531564 0.1381793 0.01584064 0.02582192 0.1380184 0.01569932 0.02633106 0.1378055 0.01561343 0.02683353 0.1375447 0.01558464 0.02731966 0.137241 0.01561343 0.02778017 0.1369001 0.01569932 0.02820628 0.1365286 0.01584064 0.0285899 0.1361336 0.01603472 0.02892369 0.1357225 0.01627784 0.02920132 0.1352934 0.01656424 0.02941673 -0.1352909 0.01697713 0.02963042 0.1352934 0.01676183 0.02952665 -0.1352909 0.01676183 0.02952665 0.1092061 0.01669228 -0.02969247 0.1381832 0.01632344 0.02441573 0.109078 0.01644623 -0.02962321 0.1379756 0.015805 0.02499753 0.1380405 0.01610606 0.02449285 0.1378478 0.01556271 0.02551603 0.1376652 0.01538586 0.02604442 0.1374316 0.01527822 0.02657133 0.1371521 0.01524204 0.02708554 0.1368325 0.01527822 0.02757591 0.13648 0.01538586 0.02803188 0.136102 0.01556271 0.02844375 0.1357065 0.015805 0.02880257 0.1352934 0.01610606 0.02909964 -0.1352909 0.01656424 0.02941673 0.1352934 0.01632344 0.02926188 -0.1352909 0.01632344 0.02926188 0.1378927 0.01590961 0.02457273 0.1088194 0.01604527 -0.02948343 0.1374968 0.01536583 0.02517366 0.1376324 0.01561748 0.02471339 0.1373188 0.01517289 0.02564442 0.137104 0.01504224 0.02612119 0.1368563 0.01497632 0.02659535 0.1365802 0.01497632 0.0270583 0.1362808 0.01504224 0.02750164 0.1359634 0.01517289 0.02791726 0.1356339 0.01536583 0.02829766 0.1352934 0.01561748 0.02863574 -0.1352909 0.01610606 0.02909964 0.1352934 0.01590961 0.02893161 -0.1352909 0.01590961 0.02893161 0.1087772 0.01598876 -0.02946066 0.1375453 0.01553219 0.02476048 0.1084221 0.01558464 -0.0292688 0.1371493 0.01520758 0.0249744 0.1370408 0.01513409 0.02503305 0.136551 0.0148096 0.02604603 0.1362618 0.0147683 0.02655464 0.1359518 0.0148096 0.02705085 0.1352934 0.01513409 0.02796334 0.1352934 0.01553219 0.02853667 0.1352934 0.01520758 0.02808666 -0.1352909 0.01561748 0.02863574 -0.1352909 0.01553219 0.02853667 0.10802 0.01524215 -0.02905154 0.1079464 0.01518976 -0.02901178 0.1367177 0.01494842 0.02520757 0.107579 0.01496821 -0.02881324 0.1362445 0.01475495 0.02546334 0.1352934 0.0147593 0.0270735 0.1352934 0.01494842 0.02759617 -0.1352909 0.01513409 0.02796334 -0.1352909 0.01494842 0.02759617 -0.1352909 0.01520758 0.02808666 0.1071083 0.01476842 -0.0285589 0.1070394 0.0147463 -0.02852171 -0.1352909 0.01475495 0.02705818 0.1066172 0.01464688 -0.0282936 0.1092888 0.01767265 -0.03027266 0.1092126 0.01722514 -0.03014498 0.1091078 0.01680028 -0.02996909 0.1085658 0.01618063 -0.03005141 0.1083831 0.01579648 -0.02974498 0.1081754 0.01546424 -0.02939665 0.1075472 0.01512312 -0.02937197 0.1072999 0.01490139 -0.02895724 0.1066957 0.01476877 -0.02899163 0.1089328 0.01756972 -0.03066688 0.1088432 0.01707553 -0.03051662 0.1087201 0.0166096 -0.03031021 0.1085357 0.01755541 -0.03102958 0.1084461 0.01705366 -0.03087937 0.108323 0.01657986 -0.0306729 0.1081685 0.01614242 -0.03041386 0.1079855 0.01574927 -0.0301069 0.1077771 0.0154075 -0.02975749 0.1080832 0.01747965 -0.03131842 0.1079811 0.01694512 -0.0311473 0.1078411 0.01644438 -0.03091251 0.1076661 0.01598763 -0.03061902 0.1074596 0.01558411 -0.03027266 0.1072257 0.01524204 -0.02988058 0.1069694 0.01496839 -0.02945065 0.107614 0.01755422 -0.03157937 0.1075242 0.01705193 -0.03142887 0.1074008 0.01657772 -0.03122192 0.107246 0.01613998 -0.03096234 0.1070626 0.01574665 -0.03065472 0.1068538 0.01540482 -0.03030467 0.1066235 0.01512062 -0.02991843 0.1063758 0.01489919 -0.02950304 0.1061159 0.01474457 -0.02906614 0.1071061 0.01756805 -0.03175663 0.1070163 0.01707309 -0.03160595 0.1068928 0.01660656 -0.03139889 0.106738 0.01617711 -0.03113931 0.1065548 0.01579266 -0.03083205 0.1063465 0.01546043 -0.03048276 0.1061159 0.01518619 -0.03009736 0.1061159 0.01476842 -0.0291506 0.1061159 0.01496821 -0.02968567 -0.1061134 0.0147463 -0.02907234 -0.1061134 0.01476842 -0.0291506 0.10659 0.01766937 -0.03188252 0.1065133 0.01722037 -0.03175395 0.1064078 0.01679432 -0.03157693 0.1061159 0.01603782 -0.0310893 0.1061159 0.01558464 -0.03064393 0.1061159 0.01598876 -0.03104752 0.1061159 0.01524215 -0.03018689 -0.1061134 0.01518976 -0.03010332 -0.1061134 0.01524215 -0.03018689 -0.1061134 0.01496821 -0.02968567 0.1061159 0.01803916 -0.03198236 0.1061159 0.01748275 -0.03186178 0.1061159 0.01775896 -0.03193199 0.1061159 0.01721203 -0.03177195 0.1061159 0.01669228 -0.0315352 0.1061159 0.01694804 -0.03166288 0.1061159 0.01644623 -0.03138947 -0.1061134 0.01604527 -0.03109556 -0.1061134 0.01644623 -0.03138947 -0.1061134 0.01598876 -0.03104752 -0.1061134 0.01558464 -0.03064393 -0.1061134 0.01803916 -0.03198236 -0.1061134 0.01775896 -0.03193199 -0.1061134 0.01748275 -0.03186178 -0.1061134 0.01721203 -0.03177195 -0.1061134 0.01694804 -0.03166288 -0.1061134 0.01669228 -0.0315352 -0.1065847 0.01767265 -0.03188365 -0.1065085 0.01722514 -0.03175598 -0.1064036 0.01680028 -0.03158009 -0.1067336 0.01618063 -0.03114241 -0.1065509 0.01579648 -0.03083598 -0.1063432 0.01546424 -0.03048765 -0.1066201 0.01512312 -0.02992331 -0.1063728 0.01490139 -0.02950859 -0.1066903 0.01476877 -0.0289933 -0.1071007 0.01756972 -0.03175789 -0.1070111 0.01707553 -0.03160762 -0.1068879 0.0166096 -0.03140121 -0.1076086 0.01755541 -0.03158092 -0.107519 0.01705366 -0.03143072 -0.1073959 0.01657986 -0.03122425 -0.1072414 0.01614242 -0.0309652 -0.1070584 0.01574927 -0.03065818 -0.10685 0.0154075 -0.03030884 -0.1080778 0.01747965 -0.03132009 -0.1079758 0.01694512 -0.03114891 -0.1078358 0.01644438 -0.03091418 -0.1076608 0.01598763 -0.03062069 -0.1074542 0.01558411 -0.03027433 -0.1072204 0.01524204 -0.02988219 -0.106964 0.01496839 -0.02945226 -0.1085304 0.01755422 -0.03103137 -0.1084407 0.01705193 -0.0308808 -0.1083173 0.01657772 -0.03067392 -0.1081625 0.01613998 -0.03041428 -0.1079791 0.01574665 -0.03010672 -0.1077703 0.01540482 -0.02975666 -0.10754 0.01512062 -0.02937042 -0.1072923 0.01489919 -0.02895498 -0.1070314 0.01474457 -0.02851873 -0.1089278 0.01756805 -0.03066885 -0.1088379 0.01707309 -0.03051811 -0.1087145 0.01660656 -0.03031104 -0.1085597 0.01617711 -0.03005146 -0.1083765 0.01579266 -0.0297442 -0.1081682 0.01546043 -0.02939492 -0.1079387 0.01518619 -0.02900898 -0.1071057 0.01476842 -0.0285589 -0.1075765 0.01496821 -0.02881324 -0.1362419 0.01475495 0.02546334 -0.1092839 0.01766937 -0.03027456 -0.1092072 0.01722037 -0.030146 -0.1091017 0.01679432 -0.02996897 -0.1088114 0.01603782 -0.02948051 -0.1084195 0.01558464 -0.0292688 -0.1087746 0.01598876 -0.02946066 -0.1080174 0.01524215 -0.02905154 -0.1370382 0.01513409 0.02503305 -0.1371468 0.01520758 0.0249744 -0.1367152 0.01494842 0.02520757 -0.1095971 0.01803916 -0.02990502 -0.109491 0.01748275 -0.02984768 -0.1095528 0.01775896 -0.02988111 -0.1094119 0.01721203 -0.029805 -0.1092036 0.01669228 -0.02969247 -0.109316 0.01694804 -0.02975314 -0.1090755 0.01644623 -0.02962321 -0.138038 0.01610606 0.02449285 -0.1381807 0.01632344 0.02441573 -0.1378902 0.01590961 0.02457273 -0.1375427 0.01553219 0.02476048 -0.1376299 0.01561748 0.02471339 -0.1387715 0.01801609 0.02409648 -0.1387851 0.01813131 0.02408915 -0.1387104 0.01766103 0.02412956 -0.1386314 0.01734805 0.02417218 -0.1385875 0.01720643 0.0241959 -0.1384136 0.01676183 0.0242899 -0.138505 0.01697713 0.02424055 -0.138317 0.01656424 0.02434211 -0.1389864 0.0178799 0.02462965 -0.1387717 0.01710975 0.02469474 -0.1383314 0.01627784 0.02482205 -0.137973 0.015805 0.02499753 -0.1374943 0.01536583 0.02517366 -0.1373162 0.01517289 0.02564442 -0.1365483 0.0148096 0.02604603 -0.1358619 0.0178799 0.02986901 -0.1364091 0.01776421 0.02972424 -0.1369329 0.01766604 0.02950137 -0.1374225 0.01758748 0.02920496 -0.1378675 0.01753014 0.02884125 -0.1382589 0.01749527 0.02841788 -0.1385884 0.01748359 0.02794355 -0.1390355 0.01753014 0.02688258 -0.138849 0.01749527 0.0274282 -0.1391439 0.01758748 0.02631813 -0.139172 0.01766604 0.02574658 -0.1391191 0.01776421 0.0251798 -0.1372971 0.01709508 0.02909034 -0.1377215 0.01701396 0.02872616 -0.1380975 0.01696467 0.02830713 -0.1384174 0.0169481 0.02784156 -0.1388648 0.01701396 0.02680885 -0.1386749 0.01696467 0.0273388 -0.1389835 0.01709508 0.02626234 -0.1358173 0.01710975 0.02964919 -0.136323 0.01689857 0.02944403 -0.1368066 0.01672393 0.02916467 -0.1372576 0.01658952 0.02881705 -0.1376668 0.01649832 0.0284087 -0.138025 0.01645225 0.02794826 -0.1383247 0.01645225 0.02744567 -0.1385595 0.01649832 0.02691167 -0.1387243 0.01658952 0.02635765 -0.1388157 0.01672393 0.02579545 -0.1388316 0.01689857 0.0252372 -0.1362054 0.01648062 0.02923995 -0.1366355 0.01629018 0.02894848 -0.1370398 0.01614409 0.02860009 -0.1374107 0.01604509 0.02820152 -0.137741 0.01599514 0.02776032 -0.1382555 0.01604509 0.02678477 -0.1380244 0.01599514 0.02728509 -0.1384298 0.01614409 0.02626901 -0.1385441 0.01629018 0.02574765 -0.1385961 0.01648062 0.02523076 -0.1357198 0.01627784 0.02920132 -0.136131 0.01603472 0.02892369 -0.1365261 0.01584064 0.0285899 -0.1368976 0.01569932 0.02820628 -0.1372384 0.01561343 0.02778017 -0.1375422 0.01558464 0.02731966 -0.1378028 0.01561343 0.02683353 -0.1380158 0.01569932 0.02633106 -0.1381767 0.01584064 0.02582192 -0.1382825 0.01603472 0.02531564 -0.135704 0.015805 0.02880257 -0.1360993 0.01556271 0.02844375 -0.1364775 0.01538586 0.02803188 -0.13683 0.01527822 0.02757591 -0.1371495 0.01524204 0.02708554 -0.1374289 0.01527822 0.02657133 -0.1376626 0.01538586 0.02604442 -0.1378453 0.01556271 0.02551603 -0.1356314 0.01536583 0.02829766 -0.1359609 0.01517289 0.02791726 -0.1362782 0.01504224 0.02750164 -0.1365777 0.01497632 0.0270583 -0.1368536 0.01497632 0.02659535 -0.1371014 0.01504224 0.02612119 -0.1359493 0.0148096 0.02705085 -0.1362591 0.0147683 0.02655464 2.84138e-5 0.01439577 0.007475495 0.008438467 0.01413065 -0.002046763 -0.00698626 0.01450002 -0.005859971 0.003013849 0.01440042 0.00692451 -0.006975352 0.01436257 0.003828287 0.008497893 0.01416969 -0.001078665 0.006372094 0.01453447 -0.006645679 0.002959251 0.01438587 -0.008983552 0.007517337 0.0145443 0.002942264 0.004839479 0.01454484 0.005962789 -0.005682945 0.0140956 0.005291342 0.008212566 0.0141521 -0.003167033 -0.00473994 0.01423025 -0.008063435 -0.007541477 0.0144115 -0.004928171 -0.006359159 0.01419353 0.004615128 0.002020299 0.01447063 -0.009278357 -0.001126289 0.01422798 -0.009435474 -0.008251249 0.01431483 -0.003058373 0.005648195 0.01450771 0.005328655 -0.00470215 0.01406335 0.006037712 0.007927834 0.01421219 -0.004081428 0.008430719 0.01427257 4.32928e-5 -0.007955789 0.01435101 -0.004004061 -9.40838e-4 0.01425033 -0.009458661 -0.008489787 0.01431834 -9.49615e-4 0.006989479 0.01450771 0.003813564 0.007005155 0.01448702 -0.005836129 -0.002091884 0.01413887 -0.009257435 0.002074658 0.01430034 0.007218003 0.006361663 0.01449543 0.004615187 -0.003890872 0.0140956 0.006529211 0.007526338 0.01432317 -0.004974722 0.003065347 0.0143789 -0.00894308 -0.003896057 0.01413995 -0.008572399 -0.008430063 0.01435422 3.29875e-5 0.007531821 0.01454573 0.002914786 0.008264601 0.01414114 -0.002999663 0.00634694 0.0145294 -0.006673812 -0.003011286 0.01411002 -0.008970081 -0.007496476 0.01441842 -0.005014359 -0.003011286 0.01419502 0.00692451 0.004814147 0.01454627 0.005980312 -0.002064526 0.01436263 0.007220387 -0.007950186 0.01449757 0.00197643 0.008253812 0.01441192 0.001012802 2.84978e-5 0.01439517 -0.009521067 -0.004893004 0.01425254 -0.00795865 -0.008251249 0.01441383 0.001012802 -0.004929304 0.01406329 0.005880892 0.001035153 0.01429611 0.007413029 0.005620062 0.01441609 -0.007398188 0.006653547 0.01460611 -0.006288051 -0.008428931 0.0143066 -0.001932263 0.008438467 0.01426064 -8.72919e-5 0.003982365 0.01434117 -0.008530259 -0.005655586 0.01439803 -0.007364273 -0.008428871 0.0143029 -0.00208503 0.00111097 0.0143001 0.007394313 0.004827737 0.01435357 -0.008018732</float_array>
          <technique_common>
            <accessor source="#kinect_m-mesh-positions-array" count="1032" stride="3">
              <param name="X" type="float"/>
              <param name="Y" type="float"/>
              <param name="Z" type="float"/>
            </accessor>
          </technique_common>
        </source>
        <source id="kinect_m-mesh-normals">
          <float_array id="kinect_m-mesh-normals-array" count="2817">-0.0229811 0.9989926 -0.03854602 -0.03567689 0.9991371 0.02127182 0.03567689 0.9991371 0.02127182 -0.03808802 0.988672 0.1451802 0.0229811 0.9989926 -0.03854602 0.1458216 0.9886752 -0.03546351 0.1307147 0.9874561 0.08856737 0.04144495 0.9885146 0.145332 -0.1075793 0.9878984 -0.1117299 -0.14759 0.9885115 -0.03259432 -0.1400539 0.9874581 0.0728805 0.04715168 0.9878968 -0.1477725 -0.8965604 -0.01794523 -0.4425579 -0.8965595 0.01800626 -0.4425574 -0.8631825 0.01779282 -0.5045785 -0.8985216 0.06845498 -0.4335585 -0.8618041 -0.02032583 -0.506834 -0.8063185 0.02792507 -0.5908221 -0.8609772 0.06994998 -0.503811 -0.9406858 -0.04260444 -0.3365935 -0.9407567 0.04269641 -0.3363835 -0.8588789 -0.06695967 -0.5077829 -0.9002488 -0.07455784 -0.4289442 -0.8071634 -0.03003054 -0.5895638 -0.8015013 -0.1156381 -0.5867056 -0.03335732 -0.01773154 -0.9992863 -0.03598135 0.02026432 -0.9991471 0.0335707 0.01773142 -0.9992792 -0.03817898 0.0670498 -0.9970189 0.03619575 -0.02029526 -0.9991387 0.1364808 0.02792483 -0.9902491 0.03390687 0.06998062 -0.996972 -0.1358399 -0.02780276 -0.9903407 -0.134343 0.02993875 -0.9904826 -0.1345594 0.1152102 -0.9841852 0.03845453 -0.06702077 -0.9970102 -0.03369343 -0.06998109 -0.9969791 0.1349542 -0.03003048 -0.9903967 0.1351378 -0.1156667 -0.9840523 0.8632938 -0.01776206 -0.5043891 0.8619293 0.02029538 -0.5066223 0.8965988 0.01818954 -0.4424701 0.8590068 0.06714326 -0.5075423 0.8965891 -0.01803672 -0.442496 0.940711 0.04278731 -0.3365001 0.9006156 0.07416117 -0.4282426 0.8066666 -0.02783292 -0.5903511 0.8075149 0.02993959 -0.589087 0.8019204 0.1152402 -0.5862112 0.8985964 -0.06982707 -0.4331843 0.8610959 -0.07004129 -0.5035954 0.9407653 -0.04248321 -0.3363865 0.03686678 -0.01800614 0.999158 0.03686672 0.01809763 0.9991564 -0.03686672 0.01809763 0.9991564 0.04568719 0.06851553 0.9966034 -0.03686678 -0.01800614 0.999158 -0.1510989 0.04281795 0.9875909 -0.05124151 0.07416135 0.995929 0.1510705 -0.04260492 0.9876046 0.1512534 0.04269641 0.9875725 -0.04602199 -0.06988751 0.9964928 0.05057054 -0.07449775 0.9959382 -0.1512202 -0.04251253 0.9875856 -0.03540164 -0.9991508 0.02108836 0 -1 0 -0.0229811 -0.9989926 -0.03854602 0.02301156 -0.9989895 -0.03860694 0 -1 9.15555e-5 0.03540158 -0.99915 0.02111887 0.03769117 -0.9888212 0.1442641 0.1424319 -0.9871044 0.0730623 0.1461246 -0.988752 -0.03189224 -0.0385459 -0.9892852 -0.1408163 0.04715168 -0.9878968 -0.1477725 -0.1442617 -0.9889267 -0.03482174 -0.1075793 -0.9878984 -0.1117299 -0.0413835 -0.9887493 0.1437437 -0.1319942 -0.9871032 0.09058004 -0.9783248 -0.04580932 -0.2019458 -0.9783018 0.04602336 -0.2020084 -0.9981866 -0.02929824 -0.05258429 -0.9981809 0.0296033 -0.05252295 -0.9949453 -0.03143441 0.09537142 -0.9949344 0.0317707 0.09537333 -0.991366 0.1170729 -0.05905526 -0.9700692 -0.03341799 0.2405183 -0.9700565 0.03375434 0.2405227 -0.9871661 0.1284542 0.09488338 -0.9241746 -0.03473055 0.3803881 -0.9241883 0.03497517 0.3803327 -0.9616189 0.135931 0.2383523 -0.858393 -0.03521955 0.5117824 -0.858305 0.03555542 0.5119066 -0.9155752 0.1405408 0.3767897 -0.773956 -0.03469979 0.6322879 -0.7740024 0.0350973 0.6322094 -0.8500542 0.1421894 0.5071393 -0.6727101 -0.03341877 0.739151 -0.6727026 0.03375411 0.7391427 -0.6668393 0.1359314 0.7326992 -0.766862 0.1405725 0.6262285 -0.5568822 -0.03140413 0.8299976 -0.5568763 0.03173953 0.8299889 -0.5527333 0.1283943 0.8234081 -0.4282451 -0.02938991 0.9031845 -0.4283033 0.02966439 0.903148 -0.4193089 0.1170427 0.9002673 -0.2873062 -0.04583954 0.9567413 -0.2872762 0.04599225 0.956743 -0.4197062 -0.1163104 0.900177 -0.5530452 -0.1275718 0.8233265 -0.6670846 -0.1350466 0.7326395 -0.7668644 -0.1395964 0.626444 -0.8503774 -0.1411496 0.5068877 -0.9616898 -0.1350473 0.2385684 -0.9156028 -0.1396247 0.3770632 -0.9872431 -0.1276323 0.09519016 -0.9914848 -0.116279 -0.05862778 -0.265605 -0.03234988 -0.9635391 -0.2650891 0.0326249 -0.9636719 -0.2616701 0.1301331 -0.9563443 -0.3918035 -0.0332657 -0.9194474 -0.3924131 0.03372347 -0.9191707 -0.3881409 0.1309876 -0.912244 -0.5119605 -0.0350666 -0.858293 -0.5110433 0.03506648 -0.8588395 -0.5062915 0.1413062 -0.8507065 -0.6214921 -0.03372365 -0.7826943 -0.6220459 0.03329664 -0.7822726 -0.6179822 0.1316291 -0.7750948 -0.7212422 -0.03265607 -0.6919128 -0.7208749 0.03238135 -0.6923084 -0.7160645 0.1306513 -0.6856982 -0.8011022 0.1177741 -0.5868259 -0.7164334 -0.1303771 -0.685365 -0.6174312 -0.1311709 -0.7756115 -0.5071144 -0.1413059 -0.8502163 -0.3874456 -0.1314476 -0.9124733 -0.2621604 -0.1304392 -0.9561682 -0.1348016 -0.1173754 -0.9838962 0.721414 -0.03231984 -0.6917493 0.7217812 0.03259456 -0.6913534 0.716978 0.1301321 -0.6848418 0.6226768 -0.03326553 -0.7817717 0.6221377 0.03372389 -0.7821812 0.6180427 0.130988 -0.7751551 0.5117486 -0.03509724 -0.8584181 0.5126875 0.03512728 -0.8578565 0.5077709 0.1413018 -0.849825 0.3931161 -0.03378456 -0.918868 0.3925067 0.03332686 -0.9191452 0.3881773 0.1316305 -0.9121358 0.2658527 -0.03265553 -0.9634605 0.2663685 0.03238046 -0.9633273 0.2628602 0.1306518 -0.955947 0.1354443 0.1178042 -0.9837567 0.2624051 -0.1303785 -0.9561093 0.3888723 -0.1311704 -0.911906 0.5069484 -0.1413022 -0.8503158 0.6185934 -0.1314461 -0.774638 0.7166216 -0.1304391 -0.6851563 0.8015335 -0.1174085 -0.58631 0.2873346 -0.04580873 0.9567342 0.2872762 0.04599225 0.956743 0.4282088 -0.02935904 0.9032028 0.4282788 0.02963429 0.9031607 0.5568822 -0.03140413 0.8299976 0.5568904 0.0317403 0.8299794 0.4192988 0.1170094 0.9002764 0.6726957 -0.03338754 0.7391657 0.6726714 0.03372359 0.7391725 0.5527567 0.1283621 0.8233975 0.7739693 -0.03476142 0.6322683 0.7739084 0.03500562 0.6323294 0.6668421 0.1359015 0.7327023 0.8583223 -0.03524965 0.5118988 0.8583818 0.03558534 0.5117757 0.7667385 0.1405723 0.6263799 0.9242006 -0.03473037 0.3803252 0.9241575 0.03512775 0.3803936 0.8502712 0.14219 0.506775 0.9700824 -0.03344899 0.2404605 0.9700735 0.03372335 0.2404583 0.9616097 0.135934 0.2383881 0.9154893 0.1406027 0.3769751 0.9949502 -0.0313735 0.09534138 0.9949368 0.03170877 0.09537059 0.9871776 0.1283642 0.09488451 0.9981831 -0.02942025 -0.05258411 0.9981809 0.0296033 -0.05252295 0.99137 0.1170393 -0.05905371 0.9783067 -0.04580849 -0.2020336 0.9782925 0.04596185 -0.2020675 0.9914794 -0.1163089 -0.058658 0.9872545 -0.1275688 0.0951578 0.961672 -0.1350753 0.238625 0.9156653 -0.139625 0.3769112 0.850201 -0.1412118 0.5071663 0.6670556 -0.1350164 0.7326716 0.7670233 -0.1396585 0.6262356 0.553043 -0.1276018 0.8233233 0.419671 -0.1162785 0.9001976 0.06061059 0.1153921 0.9914692 0.1504904 0.1809181 0.9719163 0.04495507 0.1507658 0.9875468 0.2724468 0.1970943 0.9417679 0.412126 0.2355136 0.8801624 0.5340517 0.2552303 0.8060064 0.6448706 0.2696982 0.7151258 0.7422759 0.2785442 0.6094585 0.82429 0.2815386 0.4912047 0.9357109 0.2696959 0.2273966 0.8889426 0.2785518 0.3635793 0.9629711 0.2552928 0.08667439 0.9702521 0.2355742 -0.05581879 0.9580681 0.1971254 -0.2079598 0.926565 0.1810403 -0.3296997 0.8909712 0.1477729 -0.429341 0.4651677 -0.00100249 0.8852221 0.8545879 0.1430112 -0.4992268 0.9544311 0.07928919 0.2877057 0.1949536 0.9692746 -0.1499995 0.2364597 0.9686363 -0.07635802 0.1055364 0.9892898 -0.1008364 0.3044606 0.9523855 0.01629728 0.3811278 0.9191566 -0.0994631 0.2897493 0.9520158 -0.09854644 0.2404574 0.9531316 -0.1836314 0.2317298 0.9622603 0.1426757 0.1521697 0.9508625 0.2696389 0.04135376 0.9698453 0.2401876 -0.04519802 0.9686301 0.2443625 0.04251283 0.9485586 0.3137345 -0.05099701 0.9520061 0.3018012 0.04944038 0.9141593 0.402329 -0.02414023 0.911593 0.4103847 0.3725808 0.9115838 -0.1737774 0.355791 0.9061714 -0.2286181 0.4494828 0.8712545 -0.1971828 0.5104888 0.8547415 -0.09390646 0.4250975 0.862311 -0.2751582 0.5186994 0.8243463 -0.2267249 0.4518393 0.8914099 0.03506672 0.3897984 0.907963 0.1538196 0.3206385 0.9079571 0.2698235 0.2324033 0.8945772 0.3817335 0.1605315 0.8665041 0.4726524 0.04022407 0.8729051 0.4862291 -0.04016345 0.8712665 0.4891642 0.09213721 0.8089399 0.5806263 0.02612441 0.8324418 0.5534963 -0.047091 0.824352 0.5641155 0.02566653 0.7549809 0.6552445 -0.04544216 0.7568305 0.6520297 0.5719317 0.7517819 -0.3282045 0.5952261 0.7568585 -0.2699469 0.4633065 0.8311806 -0.3073858 0.6606147 0.710666 -0.2419548 0.4745866 -0.001532554 0.8802075 0.7976812 0.4818071 0.3627211 0.7053499 0.6228577 -0.3384227 0.62824 0.7675302 -0.1273266 0.592831 0.8051209 0.01821982 0.5352762 0.8312514 0.1500018 0.4663038 0.839585 0.2786714 0.3870751 0.8310381 0.3994354 0.2978356 0.8051236 0.5129035 0.2027996 0.7617878 0.6152656 0.1068783 0.702675 0.703438 0.03323519 0.6691599 0.742375 -0.6974885 0.4829682 0.5293881 0.03354066 0.6203045 0.7836437 -0.03753811 0.6228581 0.7814338 0.6351342 0.6716351 -0.3814589 0.7686801 0.5703986 -0.2894414 0.4742765 -7.41057e-4 0.8803758 0.6704193 0.6210695 -0.4059689 0.8527361 0.4009913 0.3347342 0.7836745 0.5038736 -0.3632712 0.7458603 0.6457267 -0.1634917 0.7189038 0.694092 -0.03759926 0.6781905 0.7294928 0.08887094 0.6245994 0.7511917 0.21351 0.5590892 0.7588402 0.3340374 0.4005744 0.7294879 0.5544255 0.4847113 0.7516352 0.4473249 0.3086461 0.6941103 0.650345 0.2107035 0.6456916 0.7339527 0.1141423 0.5707422 0.8131573 0.03021389 0.5577667 0.8294476 -0.6993516 0.4012078 0.5915572 0.05032575 0.5005109 0.8642663 -0.05285888 0.5038686 0.8621615 0.7142496 0.5507257 -0.431913 0.8720591 0.379111 -0.3094964 0.4747738 -0.001256823 0.8801069 0.759651 0.4822018 -0.4363622 0.8931222 0.321889 0.3141981 0.8230766 0.4084406 -0.3946153 0.837025 0.5108337 -0.1960566 0.8132148 0.5793766 -0.05481249 0.784775 0.6152094 0.07513868 0.7414715 0.6392922 0.2037788 0.6842738 0.6510382 0.32851 0.6143068 0.6510224 0.4458669 0.5317613 0.6392794 0.5554745 0.4391764 0.6152437 0.654675 0.3383329 0.579341 0.7415491 0.225416 0.5107721 0.8296383 0.1438068 0.3788052 0.9142354 0.04757869 0.455645 0.8888892 -0.7005745 0.3225603 0.6365141 0.0340901 0.4006884 0.9155801 -0.04403954 0.4084724 0.9117077 0.7893016 0.4089035 -0.4580403 0.4799422 0.0013538 0.8772991 0.8110755 0.3503592 -0.4684071 0.9219197 0.2485472 0.2971335 0.8622087 0.2998244 -0.408291 0.8827385 0.4659983 -0.06015342 0.8569669 0.5064589 0.09543216 0.8153226 0.5298758 0.2334114 0.7561743 0.5421432 0.3664441 0.6818382 0.54215 0.4910907 0.5929604 0.5299074 0.6062973 0.491301 0.5064691 0.708599 0.366628 0.4659988 0.805251 0.03518813 0.3456864 0.9376901 -0.701547 0.2482745 0.6679759 0.04773235 0.2940852 0.9545866 -0.0506615 0.2998185 0.9526502 0.8747534 0.2342381 -0.4241922 0.830445 0.2802229 -0.4814939 0.9200057 0.3271979 -0.2157107 0.9299405 0.3595123 -0.07721269 0.9233526 0.3770318 0.07257419 0.8937672 0.3968467 0.2090288 0.8464172 0.4086204 0.3414784 0.7824795 0.4125573 0.4663931 0.7026186 0.4087774 0.582433 0.6088019 0.3968443 0.6869316 0.5027796 0.3770388 0.7778525 0.3741336 0.3595455 0.8548399 0.2474775 0.3272233 0.9119649 0.04272657 0.235515 0.9709311 -0.04260432 0.2342932 0.9712321 -0.04571682 0.1476794 0.9879782 0.8450449 0.209514 -0.4919382 -0.7028925 0.07877057 0.7069211 0.2900257 0.9259275 -0.2419576 0.1376113 0.9622724 -0.2347236 0.5027512 0.789606 -0.3518007 0.3588763 0.8703796 -0.3371161 0.5634427 0.7019686 -0.4356289 0.6161607 0.603312 -0.5063206 0.7341713 0.4582772 -0.5009736 0.7672563 0.3458452 -0.5401008 0.7887464 0.2317957 -0.5693415 0.651226 0.5019244 -0.5691894 0.680067 0.3829897 -0.6251623 0.7027149 0.2592644 -0.6625511 0.4164654 0.7991155 -0.4335561 0.46866 0.7134277 -0.5209402 0.5143969 0.6149263 -0.5977137 0.5528827 0.5054562 -0.662446 0.5834004 0.3869498 -0.7140826 0.6054157 0.2615828 -0.7516957 0.213361 0.9094167 -0.3569853 0.2773325 0.8411228 -0.4643266 0.3357135 0.7557521 -0.5622591 0.387346 0.6549357 -0.6488624 0.4311154 0.5408017 -0.7222694 0.4661772 0.4155157 -0.7810413 0.4917655 0.2815756 -0.823943 0.04361128 0.9705878 -0.2367644 0.07632946 0.9281315 -0.3643429 0.1296467 0.8698968 -0.4758902 0.1837865 0.799755 -0.5715021 0.2359785 0.7140701 -0.6591041 0.2818756 0.6155424 -0.7359713 0.320631 0.5060025 -0.800723 0.3515811 0.3873801 -0.8522484 0.3742612 0.2618577 -0.8895837 -0.03854608 0.9892894 -0.1407864 0.04641884 0.9532505 -0.2985946 -0.03924787 0.9692639 -0.2428729 0.02078342 0.9090692 -0.4161264 0.07053095 0.7904594 -0.6084401 0.03836256 0.861586 -0.50616 0.1156989 0.7028615 -0.7018543 0.1527795 0.6041902 -0.7820566 0.1818943 0.4947158 -0.8498063 0.2180617 0.3888183 -0.8951366 0.2494903 0.2596225 -0.9329259 -0.04709094 0.9531111 -0.2989345 -0.03195327 0.9061675 -0.4217103 0.04925751 0.831458 -0.5533999 -0.03994953 0.8623191 -0.504787 0.01706033 0.7517843 -0.6591885 0.03369289 0.6722407 -0.7395656 0.04355084 0.5479112 -0.8354021 0.03839331 0.6221368 -0.7819666 0.05203604 0.4759545 -0.8779292 0.1135931 0.3640353 -0.9244322 0.1261946 0.2321859 -0.9644504 -0.05011248 0.8311598 -0.5537708 -0.01687693 0.7517715 -0.6592078 -0.03360176 0.6717308 -0.740033 -0.03842324 0.6211509 -0.7827485 0.04272657 0.4205519 -0.9062619 0.02902328 0.280284 -0.9594783 0.02484238 0.3484652 -0.9369925 0.03213691 0.2088748 -0.9774143 0.03390645 0.1435914 -0.9890561 -0.04043745 0.5507131 -0.8337146 -0.02276706 0.4821371 -0.8758 -0.02771109 0.4089225 -0.9121483 -0.02646011 0.350452 -0.9362069 -0.02881032 0.2802295 -0.9595007 -0.0310989 0.2095132 -0.9773112 -0.03296029 0.1429807 -0.9891765 -0.07498645 0.9259321 -0.3701714 -0.1410606 0.9622766 -0.2326493 -0.07053005 0.7895949 -0.6095617 -0.1259825 0.870372 -0.4760051 -0.115423 0.7019687 -0.7027927 -0.1525359 0.6033381 -0.7827617 -0.09168004 0.4582476 -0.8840837 -0.1103862 0.3458687 -0.9317671 -0.1259528 0.2317326 -0.964591 -0.1911727 0.5019199 -0.8435221 -0.2267252 0.3830128 -0.895487 -0.2488529 0.2591989 -0.9332139 -0.1834516 0.7990874 -0.5725424 -0.235516 0.7134454 -0.6599454 -0.2812956 0.6149317 -0.7367033 -0.3199961 0.5054626 -0.8013178 -0.3509135 0.3869571 -0.8527157 -0.3735522 0.2615782 -0.8899639 -0.2126257 0.909435 -0.3573772 -0.2766615 0.8411242 -0.4647242 -0.3350698 0.7557459 -0.5626512 -0.386709 0.6549425 -0.6492354 -0.4304948 0.5407889 -0.722649 -0.465548 0.4154956 -0.7814272 -0.4911376 0.2815961 -0.8243104 -0.187539 0.9705944 -0.1509162 -0.284222 0.928139 -0.2403663 -0.3570471 0.8698959 -0.3402919 -0.4154019 0.7997655 -0.433378 -0.4676492 0.7140936 -0.5209362 -0.5135151 0.6155406 -0.5978395 -0.5520648 0.5059806 -0.662728 -0.5826748 0.3873512 -0.7144572 -0.604705 0.2618536 -0.7521732 -0.2406121 0.9532623 -0.182748 -0.2310286 0.969832 -0.07779282 -0.3561912 0.9090796 -0.2161074 -0.5017896 0.7904666 -0.3512405 -0.427169 0.8615405 -0.2743623 -0.5624988 0.7028564 -0.4354169 -0.6154264 0.6041647 -0.506197 -0.6612026 0.4946888 -0.5639984 -0.6838837 0.38882 -0.6173509 -0.7021567 0.2596274 -0.6630005 -0.2962458 0.9485542 -0.1117292 -0.3774585 0.9141649 -0.1477422 -0.4637155 0.8313552 -0.3062952 -0.4487907 0.8720976 -0.1950202 -0.571834 0.7518044 -0.3283231 -0.6345551 0.6723378 -0.3811847 -0.7143014 0.5478193 -0.4355087 -0.6695644 0.6222898 -0.4055108 -0.7476809 0.4758802 -0.4631538 -0.7592589 0.3640646 -0.5394284 -0.7884994 0.2321916 -0.5695226 -0.5187253 0.8243389 -0.2266924 -0.5924351 0.759069 -0.2698796 -0.6705179 0.6674659 -0.3238751 -0.7054177 0.6202695 -0.3430038 -0.7769615 0.4205871 -0.4684414 -0.830296 0.2803462 -0.4816791 -0.8125215 0.3485025 -0.4672845 -0.8446167 0.2088729 -0.4929449 -0.8540198 0.1435014 -0.5000577 -0.784309 0.5005123 -0.3665337 -0.7441509 0.5577089 -0.3676959 -0.8046641 0.4556182 -0.380694 -0.8217279 0.4006553 -0.4052637 -0.8418352 0.3453527 -0.4147833 -0.874746 0.2343277 -0.4241581 -0.8628129 0.2932605 -0.4117672 -0.8903279 0.150214 -0.4298282 -0.9010775 0.1155149 -0.4179901 -0.3095586 0.9508634 0.005707085 -0.4971045 0.8626998 -0.0929324 -0.6617826 0.7111629 -0.2372577 -0.7696679 0.5707427 -0.2861191 -0.8727307 0.3786838 -0.3081231 -0.9265879 0.1810388 -0.3296359 -0.9580763 0.1970903 -0.207955 -0.9702746 0.2354881 -0.05578953 -0.9629836 0.255235 0.08670604 -0.9357097 0.2697261 0.2273658 -0.8890646 0.2785212 0.3633046 -0.8239944 0.2815418 0.4916987 -0.6448441 0.2696692 0.7151607 -0.7424685 0.2785478 0.6092222 -0.5340517 0.2552303 0.8060064 -0.4121289 0.2354847 0.8801686 -0.272475 0.1970927 0.94176 -0.1503968 0.1810683 0.9719029 -0.9999995 -0.00102669 0 -0.1590678 0.9523928 0.2600875 -0.09363156 0.9191644 0.3825833 -0.2356684 0.9622672 0.1360236 -0.160045 0.8547335 0.4937775 -0.2456787 0.8914017 0.3808478 -0.3206686 0.9079558 0.2697926 -0.3897858 0.9079641 0.1538451 -0.4463381 0.8945685 0.0230112 -0.1011416 0.7106466 0.6962413 -0.9999995 0.00102353 0 -0.1866278 0.7675395 0.613232 -0.2978078 0.8051308 0.5129082 -0.3864331 0.8312493 0.3996174 -0.4668247 0.8395885 0.2777875 -0.5354261 0.8310335 0.1506725 -0.5928316 0.8051217 0.01815879 -0.6282302 0.7675487 -0.1272635 -0.1107521 0.5703932 0.8138709 -1 0 0 -0.2107035 0.6456916 0.7339527 -0.30864 0.6940965 0.6503626 -0.4005655 0.7295022 0.5544131 -0.4847679 0.751201 0.4479922 -0.5596302 0.7588594 0.3330863 -0.6782075 0.7294805 0.08884263 -0.6239672 0.7516295 0.2138183 -0.7189038 0.694092 -0.03759926 -0.7458923 0.6456974 -0.1634615 -0.1422181 0.3791364 0.9143465 -0.2253835 0.510798 0.829631 -0.3383405 0.5793541 0.7415353 -0.4391759 0.6152125 0.6547047 -0.5317304 0.6392789 0.5555046 -0.6142945 0.6510399 0.445858 -0.6843037 0.6510377 0.3284487 -0.7414997 0.6392596 0.2037781 -0.7847602 0.6152283 0.07513725 -0.8132148 0.5793766 -0.05481249 -0.8370472 0.510798 -0.1960546 -0.3666634 0.466005 0.8052313 -0.4913241 0.5064615 0.7085884 -0.5929282 0.5298753 0.6063566 -0.6818923 0.5421141 0.4910553 -0.7561959 0.5421367 0.3664092 -0.8152933 0.5299071 0.2334423 -0.8569669 0.5064589 0.09543216 -0.882726 0.4660222 -0.06015253 -0.2475061 0.3272208 0.9119579 -0.3741598 0.3595413 0.8548301 -0.5028023 0.3770331 0.7778406 -0.6087645 0.3968093 0.686985 -0.7028293 0.4085925 0.5823085 -0.7822957 0.4125264 0.4667283 -0.8464261 0.4087774 0.3412683 -0.8937842 0.3968101 0.2090257 -0.9233591 0.377004 0.07263571 -0.9299448 0.3595139 -0.07715201 -0.9200319 0.3271048 -0.2157402 0.9013339 -0.1179886 -0.4167445 0.9269802 -0.1796951 -0.329268 0.8899186 -0.1534521 -0.4295317 0.9553689 -0.2150679 -0.2025246 0.9644103 -0.2567895 -0.06302237 0.9630836 -0.2553818 0.08514761 0.9360238 -0.2684774 0.2275511 0.8893611 -0.2772978 0.3635146 0.8242936 -0.2803496 0.4918783 0.6451265 -0.2684823 0.7153525 0.7427757 -0.2773888 0.6093764 0.5327726 -0.2553842 0.8068039 0.4029803 -0.2567916 0.8784446 0.2759562 -0.2151005 0.9367924 0.1510699 -0.1797885 0.972036 0.04611468 -0.1484155 0.9878494 1 0 0 -0.06180149 -0.1180486 0.9910829 0.7028576 -0.08127266 0.7066726 0.8541041 -0.1436528 -0.4998703 0.8736391 -0.2385371 -0.4240931 0.8447461 -0.2088441 -0.4927355 0.9257858 -0.3735799 0.05795502 0.8941788 -0.3957105 0.2094219 0.8468421 -0.4076122 0.34163 0.7827677 -0.4113436 0.4669809 0.6092848 -0.3957421 0.6871392 0.7033126 -0.4074605 0.5825181 0.4910843 -0.3735854 0.7869373 0.04083448 -0.2334403 0.9715134 -0.04507654 -0.1533885 0.9871373 -0.04214721 -0.2385698 0.9702104 0.8751087 -0.3728536 -0.3084885 0.8596174 -0.3004052 -0.4132975 0.894371 -0.408197 -0.1829638 0.8900023 -0.4533634 -0.04855608 0.857488 -0.5054836 0.09592068 0.815838 -0.5288664 0.2338988 0.756771 -0.5410565 0.3668184 0.6824845 -0.5410556 0.4913998 0.5936027 -0.528871 0.6065735 0.4920017 -0.5054913 0.7088109 0.380362 -0.4533947 0.8060758 0.2640843 -0.408197 0.873862 0.1427702 -0.3733145 0.9166532 0.04666382 -0.3039099 0.9515573 0.830452 -0.2801948 -0.481498 0.8385954 -0.3538654 -0.4141705 0.8125493 -0.3485624 -0.4671914 0.8192264 -0.4085603 -0.402426 0.8278385 -0.5248115 -0.1981319 0.813888 -0.5784623 -0.05447685 0.7854492 -0.614296 0.07556617 0.7422036 -0.6383153 0.2041754 0.6850085 -0.6500638 0.3289079 0.5324379 -0.6383395 0.5559071 0.6149963 -0.6500631 0.4463156 0.4398179 -0.614329 0.6551032 0.3389412 -0.5784828 0.7419412 0.2191911 -0.5247831 0.8225315 0.04388672 -0.4122243 0.9100248 -0.04501545 -0.3004288 0.9527414 0.9999982 0.001964628 0 -0.03430378 -0.3538115 0.9346876 0.7017905 -0.2521502 0.6662661 0.802577 -0.4646627 -0.3741107 0.7905229 -0.4114211 -0.4536588 0.7705768 -0.5697001 -0.2857503 0.781082 -0.5067434 -0.3648589 0.7466529 -0.6448102 -0.1634915 0.7197311 -0.6932406 -0.03747737 0.6790893 -0.7286223 0.08914738 0.6248221 -0.7508058 0.2142151 0.5604885 -0.75801 0.3335769 0.4855298 -0.7503449 0.4486016 0.4012038 -0.728643 0.555081 0.3091636 -0.6932528 0.6510136 0.2111038 -0.6448174 0.7346059 0.1109055 -0.5694822 0.8144876 0.05258494 -0.5077211 0.8599153 -0.03543257 -0.4085887 0.9120306 -0.0523709 -0.4646242 0.8839579 0.7006266 -0.3284769 0.6334236 0.7596622 -0.4821784 -0.4363685 0.7368615 -0.568211 -0.3662944 0.7142402 -0.5507184 -0.4319378 0.6716058 -0.7016977 -0.2378362 0.7006075 -0.6268112 -0.3409647 0.6386646 -0.7610141 -0.1138652 0.5938104 -0.8043924 0.01849454 0.5363977 -0.8303238 0.1511288 0.4677919 -0.8388698 0.2783313 0.3872863 -0.8305444 0.4002568 0.2985666 -0.8043872 0.5136334 0.2034121 -0.7610024 0.616035 0.1035521 -0.701273 0.7053321 0.03753888 -0.6266859 0.7783674 -0.05026549 -0.5067139 0.8606477 -0.02798604 -0.5681759 0.8224312 0.6993534 -0.4073432 0.587347 0.6608955 -0.6773759 -0.3230773 0.6705073 -0.6210356 -0.4058752 0.5546499 -0.8090552 -0.1944051 0.608212 -0.7392298 -0.289167 0.4934356 -0.8657708 -0.0834397 0.4475866 -0.893922 0.02386558 0.3907921 -0.9074435 0.1543636 0.3215765 -0.9074459 0.270427 0.2337758 -0.8939331 0.3824036 0.1611997 -0.8657848 0.4737417 0.0926572 -0.8089193 0.5805724 0.03668361 -0.7356869 0.6763278 -0.03308272 -0.6268324 0.7784515 -0.02996987 -0.677344 0.7350558 0.6977391 -0.4881 0.5243268 0.6351708 -0.6717026 -0.3812794 0.5672885 -0.7786636 -0.2680795 0.5719259 -0.7517744 -0.3282318 0.4910178 -0.8405501 -0.2288608 0.3706225 -0.9174922 -0.1443853 0.4438067 -0.8752532 -0.1922694 0.310045 -0.9507049 0.005707085 0.2365835 -0.9619907 0.1363896 0.153146 -0.9493955 0.2742162 0.04934889 -0.9171817 0.3954016 0.04144471 -0.875467 0.4814977 0.03366291 -0.7787651 0.6264119 0.03106892 -0.8403567 0.5411427 -0.03473055 -0.7393225 0.6724553 -0.03363245 -0.7787659 0.6264126 0.4632586 -0.8312041 -0.3073945 0.4277904 -0.8610742 -0.2748576 0.3566402 -0.9089046 -0.2161021 0.2586843 -0.96149 -0.09284067 0.04126173 -0.9608007 0.2741526 -0.04181087 -0.8752821 0.4818019 -0.04913562 -0.9174942 0.3947029 -0.03204458 -0.8405462 0.5407915 0.2403066 -0.9531693 -0.1836328 0.1948958 -0.9692906 -0.1499714 -0.04123055 -0.9614878 0.2717374 0.1055663 -0.9892835 -0.1008663 0.7890493 -0.2313678 -0.5690958 0.7668879 -0.3448981 -0.5412285 0.7332336 -0.4595032 -0.5012236 0.6161512 -0.6033027 -0.5063433 0.5634218 -0.7019807 -0.4356364 0.5027512 -0.789606 -0.3518007 0.358232 -0.8693031 -0.3405615 0.285413 -0.9276228 -0.2409469 0.1376123 -0.9622793 -0.2346948 0.7027149 -0.2592644 -0.6625511 0.680054 -0.3829824 -0.6251809 0.651226 -0.5019244 -0.5691894 0.6054157 -0.2615828 -0.7516957 0.5834004 -0.3869498 -0.7140826 0.5528827 -0.5054562 -0.662446 0.5143744 -0.6149359 -0.597723 0.46866 -0.7134277 -0.5209402 0.4164654 -0.7991155 -0.4335561 0.4917886 -0.2815714 -0.8239306 0.4661772 -0.4155157 -0.7810413 0.4311154 -0.5408017 -0.7222694 0.387346 -0.6549357 -0.6488624 0.3357077 -0.7557392 -0.5622799 0.2773325 -0.8411228 -0.4643266 0.2133318 -0.9094226 -0.3569875 0.3742612 -0.2618577 -0.8895837 0.3515811 -0.3873801 -0.8522484 0.320631 -0.5060025 -0.800723 0.2818756 -0.6155424 -0.7359713 0.2359734 -0.7140851 -0.6590896 0.1837865 -0.799755 -0.5715021 0.1262271 -0.8709856 -0.4748167 0.07504665 -0.9264403 -0.3688853 0.04361158 -0.9705949 -0.2367357 0.2494903 -0.2596225 -0.9329259 0.2273054 -0.3835932 -0.8950914 0.1916633 -0.502689 -0.8429525 0.1527759 -0.6041759 -0.7820685 0.1156989 -0.7028615 -0.7018543 0.07052922 -0.7904708 -0.6084254 0.03994923 -0.8628923 -0.5038065 0.04641926 -0.9532593 -0.2985668 0.03271698 -0.9062494 -0.4214758 -0.03927832 -0.9692627 -0.2428726 -0.04718267 -0.9531157 -0.2989054 0.1265028 -0.2325575 -0.9643205 0.1107245 -0.3470975 -0.9312699 0.09204584 -0.4597104 -0.8832859 0.04028522 -0.5513589 -0.8332949 0.03845447 -0.622169 -0.7819381 0.01706033 -0.7517843 -0.6591885 0.03378427 -0.6722068 -0.7395923 0.04922711 -0.8314592 -0.5534007 -0.03842383 -0.8610426 -0.5070791 -0.05014336 -0.8311351 -0.5538052 -0.02053934 -0.9089204 -0.4164639 0.03323554 -0.1430137 -0.9891626 0.02902328 -0.280284 -0.9594783 0.03140419 -0.2094528 -0.9773144 0.02673506 -0.3504862 -0.9361863 0.02230942 -0.4819265 -0.8759276 0.02850496 -0.4087749 -0.91219 -0.03836286 -0.6211001 -0.7827919 -0.04043745 -0.5507131 -0.8337146 -0.03351038 -0.6717647 -0.7400063 -0.01687693 -0.7517715 -0.6592078 -0.03375387 -0.143622 -0.989057 -0.03195321 -0.2088406 -0.9774276 -0.02881032 -0.2802295 -0.9595007 -0.02468997 -0.3486205 -0.9369387 -0.02328598 -0.4114269 -0.9111453 -0.02276706 -0.4821371 -0.8758 -0.1255855 -0.2313337 -0.9647347 -0.1115791 -0.3449309 -0.9319726 -0.09235 -0.4594917 -0.883368 -0.1525359 -0.6033381 -0.7827617 -0.115423 -0.7019687 -0.7027927 -0.07049965 -0.7895966 -0.609563 -0.1293385 -0.8692966 -0.4770693 -0.07629716 -0.9276213 -0.3656467 -0.1410606 -0.9622766 -0.2326493 -0.2488529 -0.2591989 -0.9332139 -0.2267252 -0.3830128 -0.895487 -0.1911727 -0.5019199 -0.8435221 -0.3735522 -0.2615782 -0.8899639 -0.3509135 -0.3869571 -0.8527157 -0.3199961 -0.5054626 -0.8013178 -0.2813019 -0.6149455 -0.7366894 -0.2355499 -0.7134253 -0.6599551 -0.1834516 -0.7990874 -0.5725424 -0.4911376 -0.2815961 -0.8243104 -0.4655369 -0.4154857 -0.7814391 -0.4305043 -0.5408008 -0.7226344 -0.386709 -0.6549425 -0.6492354 -0.3350698 -0.7557459 -0.5626512 -0.2766897 -0.8411172 -0.4647203 -0.2126548 -0.9094291 -0.3573749 -0.604705 -0.2618536 -0.7521732 -0.5826748 -0.3873512 -0.7144572 -0.5520648 -0.5059806 -0.662728 -0.5134927 -0.6155503 -0.5978489 -0.4676492 -0.7140936 -0.5209362 -0.4153965 -0.799755 -0.4334028 -0.3577156 -0.8709876 -0.3367794 -0.2888345 -0.9264433 -0.2414075 -0.1875398 -0.9705989 -0.1508864 -0.7021567 -0.2596274 -0.6630005 -0.6794499 -0.3835963 -0.6254613 -0.6505141 -0.5026492 -0.569364 -0.6154264 -0.6041647 -0.506197 -0.5624988 -0.7028564 -0.4354169 -0.5017896 -0.7904666 -0.3512405 -0.4243391 -0.8628391 -0.2746729 -0.2405834 -0.9532694 -0.1827493 -0.3552175 -0.9062488 -0.2292021 -0.2586836 -0.9614873 -0.09287089 -0.7882186 -0.2325561 -0.5697624 -0.7666472 -0.347097 -0.5401628 -0.7333762 -0.4596496 -0.500881 -0.7139985 -0.5512697 -0.4316341 -0.6695599 -0.6223163 -0.4054775 -0.5718078 -0.75181 -0.3283561 -0.6345312 -0.6723754 -0.3811582 -0.4637394 -0.8313434 -0.3062908 -0.4432628 -0.8755081 -0.1923633 -0.4907798 -0.8404386 -0.2297793 -0.3706225 -0.9174922 -0.1443853 -0.85445 -0.1429526 -0.4994795 -0.8302865 -0.2803533 -0.4816913 -0.8448764 -0.2094566 -0.4922519 -0.8108998 -0.350515 -0.4685945 -0.760087 -0.4818412 -0.4360009 -0.7889928 -0.4087491 -0.4587097 -0.7026719 -0.6266489 -0.336992 -0.8493065 -0.4078832 0.3351265 -0.7927091 -0.4884008 0.3647975 -0.5669821 -0.7788451 -0.2682011 -0.6124292 -0.7357267 -0.2892001 -0.8906466 -0.1503994 -0.4291023 -0.9562932 -0.08154767 0.2808085 -0.8736327 -0.2385659 -0.42409 -0.859111 -0.3055871 -0.4105421 -0.920055 -0.2530021 0.2991468 -0.8905185 -0.3296374 0.3135538 -0.8214837 -0.412222 -0.3940021 -0.781529 -0.5077436 -0.362504 -0.4783865 -5.53688e-4 0.8781492 -0.9269794 -0.1797559 -0.3292373 -0.4780796 0 0.8783165 -0.8743342 -0.3733064 -0.3101325 -0.4783181 -0.002629697 0.8781827 -0.4769552 -0.001352548 0.8789266 -0.7693229 -0.5694845 -0.2895337 -0.4749017 -4.01523e-4 0.8800387 -0.6697951 -0.7012599 -0.24415 -0.5548104 -0.8089445 -0.1944079 -0.4934033 -0.8657982 -0.08334779 -0.3141366 -0.9493681 0.004303216 -0.1509768 -0.1797561 0.9720565 -0.275928 -0.2151024 0.9368003 -0.4029695 -0.2567847 0.8784516 -0.5327767 -0.2553555 0.8068101 -0.6451762 -0.2684775 0.7153094 -0.7425532 -0.2772634 0.6097048 -0.8246309 -0.2803196 0.4913299 -0.9360046 -0.2685417 0.2275539 -0.8892363 -0.277419 0.3637272 -0.9630936 -0.2553234 0.08520948 -0.9644123 -0.25679 -0.06299197 -0.9553627 -0.215097 -0.2025232 -0.4911192 -0.3735888 0.7869138 -0.6092848 -0.3957421 0.6871392 -0.7030984 -0.4076128 0.5826702 -0.7829514 -0.4113745 0.4666457 -0.8941512 -0.3957728 0.2094227 -0.8468803 -0.4074022 0.3417857 -0.9257765 -0.3735884 0.05804795 -0.1445702 -0.3728553 0.916558 -0.2641161 -0.4081683 0.8738659 -0.3803881 -0.4533894 0.8060663 -0.4920279 -0.5055174 0.7087742 -0.5935917 -0.5288612 0.6065927 -0.6824732 -0.5410771 0.4913917 -0.7567625 -0.5410504 0.3668448 -0.8158673 -0.5288351 0.2338679 -0.8574642 -0.5055181 0.09595197 -0.8899553 -0.4534621 -0.04849582 -0.8943338 -0.4082244 -0.1830845 -0.2191876 -0.5248052 0.8225183 -0.3389758 -0.5784898 0.7419198 -0.439842 -0.6142894 0.6551241 -0.5324392 -0.6383106 0.555939 -0.6150275 -0.6500333 0.4463161 -0.7422266 -0.6383087 0.2041122 -0.6850383 -0.6500326 0.3289075 -0.7854644 -0.614284 0.0755037 -0.8138503 -0.5785182 -0.05444586 -0.8278385 -0.5248115 -0.1981319 -0.1148732 -0.5696969 0.8137872 -0.2110747 -0.6448215 0.7346106 -0.3091636 -0.6932528 0.6510136 -0.4012362 -0.7286465 0.5550531 -0.4854458 -0.7508143 0.4479066 -0.5599064 -0.7580373 0.3344911 -0.6254579 -0.7503725 0.2138776 -0.679076 -0.7286387 0.08911514 -0.7197628 -0.6932111 -0.03741639 -0.7466847 -0.6447808 -0.1634612 -0.1099918 -0.7017015 0.7039294 -0.2034121 -0.7610024 0.616035 -0.2985712 -0.8043998 0.513611 -0.3879327 -0.8303427 0.400049 -0.4672513 -0.8388854 0.279191 -0.5362617 -0.8305327 0.1504621 -0.5937904 -0.8044066 0.01852542 -0.6386817 -0.7610038 -0.1138377 -0.09262597 -0.8090354 0.5804156 -0.1611422 -0.8657732 0.4737825 -0.2337442 -0.8939291 0.3824324 -0.3215854 -0.9074404 0.2704345 -0.3907921 -0.9074435 0.1543636 -0.4475622 -0.8939343 0.02386587 -0.152414 -0.9507107 0.2700359 -0.2324639 -0.9619925 0.1432871 0 0 1</float_array>
          <technique_common>
            <accessor source="#kinect_m-mesh-normals-array" count="939" stride="3">
              <param name="X" type="float"/>
              <param name="Y" type="float"/>
              <param name="Z" type="float"/>
            </accessor>
          </technique_common>
        </source>
        <source id="kinect_m-mesh-map-0">
          <float_array id="kinect_m-mesh-map-0-array" count="11352">0.5158077 0.02194947 0.5741359 0.1299 0.0332148 0.1299 0.5741359 0.1310403 0.0332148 0.1299 0.5741359 0.1299 0.09154295 0.02194947 0.5158077 0.02194947 0.0332148 0.1299 0.03221166 0.1293579 0.09154295 0.02194947 0.0332148 0.1299 0.03224611 0.1304777 0.03221166 0.1293579 0.0332148 0.1299 0.0332148 0.1310403 0.03224611 0.1304777 0.0332148 0.1299 0.5741359 0.1310403 0.0332148 0.1310403 0.0332148 0.1299 0.5168098 0.02140802 0.5741359 0.1299 0.5158077 0.02194947 0.575139 0.1293579 0.5741359 0.1299 0.5168098 0.02140802 0.5751045 0.1304777 0.5741359 0.1299 0.575139 0.1293579 0.5751045 0.1304777 0.5741359 0.1310403 0.5741359 0.1299 0.09154295 0.02081054 0.5158077 0.02194947 0.09154295 0.02194947 0.06595206 0.563566 0.005979537 0.563566 0.005979537 0.4556155 0.005399942 0.563576 0.005979537 0.4556155 0.005979537 0.563566 0.06595206 0.4556155 0.06595206 0.563566 0.005979537 0.4556155 0.005979537 0.4547069 0.06595206 0.4556155 0.005979537 0.4556155 0.005411624 0.4556251 0.005979537 0.4547069 0.005979537 0.4556155 0.005399942 0.563576 0.005411624 0.4556251 0.005979537 0.4556155 0.06595206 0.5646419 0.005979537 0.563566 0.06595206 0.563566 0.06595206 0.5646419 0.005979537 0.5646419 0.005979537 0.563566 0.005399942 0.563576 0.005979537 0.563566 0.005979537 0.5646419 0.06651997 0.4556251 0.06595206 0.563566 0.06595206 0.4556155 0.06652808 0.5635759 0.06595206 0.5646419 0.06595206 0.563566 0.06652808 0.5635759 0.06595206 0.563566 0.06651997 0.4556251 0.06595206 0.4547069 0.06595206 0.4556155 0.005979537 0.4547069 0.06689625 0.4547592 0.06595206 0.4556155 0.06595206 0.4547069 0.06651997 0.4556251 0.06595206 0.4556155 0.06689625 0.4547592 0.005771875 0.3707379 0.005771875 0.3107654 0.4300366 0.3107654 0.005771875 0.3101975 0.4300366 0.3107654 0.005771875 0.3107654 0.4300366 0.3707379 0.005771875 0.3707379 0.4300366 0.3107654 0.4311084 0.3107654 0.4300366 0.3707379 0.4300366 0.3107654 0.4300366 0.3101975 0.4311084 0.3107654 0.4300366 0.3107654 0.005771875 0.3101975 0.4300366 0.3101975 0.4300366 0.3107654 0.004706561 0.3707379 0.005771875 0.3107654 0.005771875 0.3707379 0.004706561 0.3707379 0.004706561 0.3107654 0.005771875 0.3107654 0.004737555 0.3098246 0.005771875 0.3107654 0.004706561 0.3107654 0.004737555 0.3098246 0.005771875 0.3101975 0.005771875 0.3107654 0.4300366 0.3713058 0.005771875 0.3707379 0.4300366 0.3707379 0.005771875 0.3713058 0.004706561 0.3707379 0.005771875 0.3707379 0.005771875 0.3713058 0.005771875 0.3707379 0.4300366 0.3713058 0.4311084 0.3707379 0.4300366 0.3707379 0.4311084 0.3107654 0.4310772 0.3716821 0.4300366 0.3707379 0.4311084 0.3707379 0.4300366 0.3713058 0.4300366 0.3707379 0.4310772 0.3716821 0.07193499 0.5883756 0.1319075 0.5883756 0.1319075 0.6963262 0.1324754 0.5883852 0.1319075 0.6963262 0.1319075 0.5883756 0.07193499 0.6963262 0.07193499 0.5883756 0.1319075 0.6963262 0.1319075 0.697402 0.07193499 0.6963262 0.1319075 0.6963262 0.1324871 0.6963362 0.1319075 0.697402 0.1319075 0.6963262 0.1324754 0.5883852 0.1324871 0.6963362 0.1319075 0.6963262 0.07193499 0.5874722 0.1319075 0.5883756 0.07193499 0.5883756 0.07193499 0.5874722 0.1319075 0.5874722 0.1319075 0.5883756 0.1328483 0.5875241 0.1319075 0.5883756 0.1319075 0.5874722 0.1328483 0.5875241 0.1324754 0.5883852 0.1319075 0.5883756 0.07135897 0.696336 0.07193499 0.5883756 0.07193499 0.6963262 0.07136708 0.5883852 0.07193499 0.5874722 0.07193499 0.5883756 0.07136708 0.5883852 0.07193499 0.5883756 0.07135897 0.696336 0.07193499 0.697402 0.07193499 0.6963262 0.1319075 0.697402 0.07135897 0.696336 0.07193499 0.6963262 0.07193499 0.697402 0.9234741 0.7880912 0.9234741 0.882038 0.07612383 0.882038 0.9234741 0.8829459 0.07612383 0.882038 0.9234741 0.882038 0.07612383 0.7880912 0.9234741 0.7880912 0.07612383 0.882038 0.07428187 0.882038 0.07612383 0.7880912 0.07612383 0.882038 0.07612383 0.8829459 0.07428187 0.882038 0.07612383 0.882038 0.07612383 0.8829459 0.07612383 0.882038 0.9234741 0.8829459 0.9253162 0.7880912 0.9234741 0.882038 0.9234741 0.7880912 0.9253162 0.7880912 0.9253162 0.882038 0.9234741 0.882038 0.9234741 0.8829459 0.9234741 0.882038 0.9253162 0.882038 0.07612383 0.7871889 0.9234741 0.7880912 0.07612383 0.7880912 0.9234741 0.7871889 0.9253162 0.7880912 0.9234741 0.7880912 0.07612383 0.7871889 0.9234741 0.7871889 0.9234741 0.7880912 0.07428187 0.7880912 0.07612383 0.7880912 0.07428187 0.882038 0.07612383 0.7871889 0.07612383 0.7880912 0.07428187 0.7880912 0.502827 0.422222 0.7342008 0.3902296 0.7359827 0.3903401 0.502827 0.422222 0.7359827 0.3903401 0.7377647 0.3902296 0.502827 0.422222 0.7324739 0.3899136 0.7342008 0.3902296 0.502827 0.422222 0.7307911 0.3893877 0.7324739 0.3899136 0.502827 0.422222 0.7291719 0.38866 0.7307911 0.3893877 0.502827 0.422222 0.7276651 0.3877482 0.7291719 0.38866 0.502827 0.422222 0.7262664 0.3866528 0.7276651 0.3877482 0.502827 0.422222 0.7250216 0.385408 0.7262664 0.3866528 0.502827 0.422222 0.7239262 0.3840093 0.7250216 0.385408 0.502827 0.422222 0.7230144 0.3825024 0.7239262 0.3840093 0.502827 0.422222 0.7222866 0.3808833 0.7230144 0.3825024 0.502827 0.422222 0.7217607 0.3791998 0.7222866 0.3808833 0.502827 0.422222 0.7214425 0.3774563 0.7217607 0.3791998 0.502827 0.422222 0.7213342 0.3756916 0.7214425 0.3774563 0.5531099 0.3291612 0.7214425 0.373927 0.7213342 0.3756916 0.502827 0.422222 0.5531099 0.3291612 0.7213342 0.3756916 0.5531099 0.3291612 0.7217607 0.3721835 0.7214425 0.373927 0.5531099 0.3291612 0.7222866 0.3705 0.7217607 0.3721835 0.5531099 0.3291612 0.7230144 0.3688809 0.7222866 0.3705 0.5531099 0.3291612 0.7239262 0.367374 0.7230144 0.3688809 0.5531099 0.3291612 0.7250216 0.3659753 0.7239262 0.367374 0.5531099 0.3291612 0.7262664 0.3647305 0.7250216 0.3659753 0.5531099 0.3291612 0.7276651 0.3636351 0.7262664 0.3647305 0.5531099 0.3291612 0.7291719 0.3627233 0.7276651 0.3636351 0.5531099 0.3291612 0.7307911 0.3619955 0.7291719 0.3627233 0.5531099 0.3291612 0.7324739 0.3614697 0.7307911 0.3619955 0.5531099 0.3291612 0.7342008 0.3611537 0.7324739 0.3614697 0.9188555 0.3291612 0.7359827 0.3610432 0.7342008 0.3611537 0.5531099 0.3291612 0.9188555 0.3291612 0.7342008 0.3611537 0.9188555 0.3291612 0.7377647 0.3611537 0.7359827 0.3610432 0.9188555 0.3291612 0.7394915 0.3614697 0.7377647 0.3611537 0.9188555 0.3291612 0.7411743 0.3619955 0.7394915 0.3614697 0.9188555 0.3291612 0.7427935 0.3627233 0.7411743 0.3619955 0.9188555 0.3291612 0.7443004 0.3636351 0.7427935 0.3627233 0.9188555 0.3291612 0.745699 0.3647305 0.7443004 0.3636351 0.9188555 0.3291612 0.7469438 0.3659753 0.745699 0.3647305 0.7480392 0.367374 0.7469438 0.3659753 0.9188555 0.3291612 0.9188555 0.3291612 0.7489511 0.3688809 0.7480392 0.367374 0.9188555 0.3291612 0.7496788 0.3705 0.7489511 0.3688809 0.9188555 0.3291612 0.7502047 0.3721835 0.7496788 0.3705 0.9188555 0.3291612 0.7505229 0.373927 0.7502047 0.3721835 0.9188555 0.3291612 0.7506312 0.3756916 0.7505229 0.373927 0.9188555 0.3291612 0.7505229 0.3774563 0.7506312 0.3756916 0.9188555 0.3291612 0.7502047 0.3791998 0.7505229 0.3774563 0.9188555 0.3291612 0.7496788 0.3808833 0.7502047 0.3791998 0.9188555 0.3291612 0.7480392 0.3840093 0.7489511 0.3825024 0.9188555 0.3291612 0.7469438 0.385408 0.7480392 0.3840093 0.9188555 0.3291612 0.745699 0.3866528 0.7469438 0.385408 0.9188555 0.3291612 0.7443004 0.3877482 0.745699 0.3866528 0.9188555 0.3291612 0.7427935 0.38866 0.7443004 0.3877482 0.9188555 0.3291612 0.7411743 0.3893877 0.7427935 0.38866 0.9691384 0.422222 0.7394915 0.3899136 0.7411743 0.3893877 0.9188555 0.3291612 0.9691384 0.422222 0.7411743 0.3893877 0.9691384 0.422222 0.7377647 0.3902296 0.7394915 0.3899136 0.502827 0.422222 0.7377647 0.3902296 0.9691384 0.422222 0.9691384 0.4231757 0.502827 0.422222 0.9691384 0.422222 0.9691384 0.4231757 0.9691384 0.422222 0.969981 0.4227245 0.9699773 0.4217688 0.969981 0.4227245 0.9691384 0.422222 0.9188555 0.3291612 0.9699773 0.4217688 0.9691384 0.422222 0.5531099 0.3281794 0.9188555 0.3281794 0.9188555 0.3291612 0.5531099 0.3291612 0.5531099 0.3281794 0.9188555 0.3291612 0.5019881 0.4217688 0.5531099 0.3291612 0.502827 0.422222 0.5019881 0.4217688 0.5522462 0.3286945 0.5531099 0.3291612 0.502827 0.4231757 0.502827 0.422222 0.9691384 0.4231757 0.5019881 0.4217688 0.502827 0.422222 0.5019845 0.4227245 0.502827 0.4231757 0.5019845 0.4227245 0.502827 0.422222 0.06595206 0.5657769 0.005979537 0.5657769 0.005979537 0.5646419 0.06595206 0.5646419 0.06595206 0.5657769 0.005979537 0.5646419 0.06595206 0.5669466 0.005979537 0.5669466 0.005979537 0.5657769 0.06595206 0.5657769 0.06595206 0.5669466 0.005979537 0.5657769 0.06595206 0.5681254 0.005979537 0.5681254 0.005979537 0.5669466 0.005031347 0.566947 0.005979537 0.5669466 0.005979537 0.5681254 0.06595206 0.5669466 0.06595206 0.5681254 0.005979537 0.5669466 0.005031347 0.566947 0.005979537 0.5657769 0.005979537 0.5669466 0.06595206 0.5692877 0.005979537 0.5692877 0.005979537 0.5681254 0.004949629 0.5681139 0.005979537 0.5681254 0.005979537 0.5692877 0.06595206 0.5681254 0.06595206 0.5692877 0.005979537 0.5681254 0.004949629 0.5681139 0.005031347 0.566947 0.005979537 0.5681254 0.06595206 0.5704083 0.005979537 0.5704083 0.005979537 0.5692877 0.004890024 0.5692649 0.005979537 0.5692877 0.005979537 0.5704083 0.06595206 0.5692877 0.06595206 0.5704083 0.005979537 0.5692877 0.004890024 0.5692649 0.004949629 0.5681139 0.005979537 0.5692877 0.06595206 0.5714627 0.005979537 0.5714627 0.005979537 0.5704083 0.004853725 0.5703752 0.005979537 0.5704083 0.005979537 0.5714627 0.06595206 0.5704083 0.06595206 0.5714627 0.005979537 0.5704083 0.004853725 0.5703752 0.004890024 0.5692649 0.005979537 0.5704083 0.06595206 0.5724281 0.005979537 0.5724281 0.005979537 0.5714627 0.004841506 0.571421 0.005979537 0.5714627 0.005979537 0.5724281 0.06595206 0.5714627 0.06595206 0.5724281 0.005979537 0.5714627 0.004841506 0.571421 0.004853725 0.5703752 0.005979537 0.5714627 0.06595206 0.5732835 0.005979537 0.5732835 0.005979537 0.5724281 0.004890024 0.5732318 0.005979537 0.5724281 0.005979537 0.5732835 0.06595206 0.5724281 0.06595206 0.5732835 0.005979537 0.5724281 0.004853725 0.5723801 0.004841506 0.571421 0.005979537 0.5724281 0.004890024 0.5732318 0.004853725 0.5723801 0.005979537 0.5724281 0.06915122 0.7880912 0.06915122 0.882038 0.0676968 0.882038 0.06921607 0.8836512 0.0676968 0.882038 0.06915122 0.882038 0.0676968 0.7880912 0.06915122 0.7880912 0.0676968 0.882038 0.06921607 0.8836512 0.0677812 0.8837445 0.0676968 0.882038 0.07075726 0.7880912 0.07075726 0.882038 0.06915122 0.882038 0.07079869 0.8835232 0.06915122 0.882038 0.07075726 0.882038 0.06915122 0.7880912 0.07075726 0.7880912 0.06915122 0.882038 0.07079869 0.8835232 0.06921607 0.8836512 0.06915122 0.882038 0.0724799 0.7880912 0.0724799 0.882038 0.07075726 0.882038 0.07075726 0.7880912 0.0724799 0.7880912 0.07075726 0.882038 0.0724799 0.882038 0.07079869 0.8835232 0.07075726 0.882038 0.07428187 0.7880912 0.07428187 0.882038 0.0724799 0.882038 0.0724799 0.7880912 0.07428187 0.7880912 0.0724799 0.882038 0.07079392 0.7866189 0.07075726 0.7880912 0.06915122 0.7880912 0.07079392 0.7866189 0.0724799 0.7880912 0.07075726 0.7880912 0.06921213 0.7864922 0.06915122 0.7880912 0.0676968 0.7880912 0.06921213 0.7864922 0.07079392 0.7866189 0.06915122 0.7880912 0.06703191 0.5732317 0.06595206 0.5732835 0.06595206 0.5724281 0.06777817 0.7863997 0.06921213 0.7864922 0.0676968 0.7880912 0.06706786 0.5723804 0.06595206 0.5724281 0.06595206 0.5714627 0.06706786 0.5723804 0.06703191 0.5732317 0.06595206 0.5724281 0.0670799 0.5714218 0.06595206 0.5714627 0.06595206 0.5704083 0.0670799 0.5714218 0.06706786 0.5723804 0.06595206 0.5714627 0.06703191 0.5692667 0.06595206 0.5704083 0.06595206 0.5692877 0.06706786 0.5703765 0.0670799 0.5714218 0.06595206 0.5704083 0.06703191 0.5692667 0.06706786 0.5703765 0.06595206 0.5704083 0.06697285 0.5681162 0.06595206 0.5692877 0.06595206 0.5681254 0.06697285 0.5681162 0.06703191 0.5692667 0.06595206 0.5692877 0.06689196 0.5669498 0.06595206 0.5681254 0.06595206 0.5669466 0.06689196 0.5669498 0.06697285 0.5681162 0.06595206 0.5681254 0.06595206 0.5657769 0.06689196 0.5669498 0.06595206 0.5669466 0.003652989 0.3707379 0.003652989 0.3107654 0.004706561 0.3107654 0.003689527 0.3097198 0.004706561 0.3107654 0.003652989 0.3107654 0.004706561 0.3707379 0.003652989 0.3707379 0.004706561 0.3107654 0.003689527 0.3097198 0.004737555 0.3098246 0.004706561 0.3107654 0.002637803 0.3707379 0.002637803 0.3107654 0.003652989 0.3107654 0.002674221 0.3097056 0.003652989 0.3107654 0.002637803 0.3107654 0.003652989 0.3707379 0.002637803 0.3707379 0.003652989 0.3107654 0.002674221 0.3097056 0.003689527 0.3097198 0.003652989 0.3107654 0.001679182 0.3707379 0.001679182 0.3107654 0.002637803 0.3107654 0.001720845 0.3096278 0.002637803 0.3107654 0.001679182 0.3107654 0.002637803 0.3707379 0.001679182 0.3707379 0.002637803 0.3107654 0.001720845 0.3096278 0.002674221 0.3097056 0.002637803 0.3107654 7.94613e-4 0.3707379 7.94613e-4 0.3107654 0.001679182 0.3107654 8.31164e-4 0.3097044 0.001679182 0.3107654 7.94613e-4 0.3107654 0.001679182 0.3707379 7.94613e-4 0.3707379 0.001679182 0.3107654 8.31164e-4 0.3097044 0.001720845 0.3096278 0.001679182 0.3107654 0 0.3707379 0 0.3107654 7.94613e-4 0.3107654 3.66103e-5 0.309718 7.94613e-4 0.3107654 0 0.3107654 7.94613e-4 0.3707379 0 0.3707379 7.94613e-4 0.3107654 3.66103e-5 0.309718 8.31164e-4 0.3097044 7.94613e-4 0.3107654 0.06595206 0.4547069 0.005979537 0.4547069 0.005979537 0.4538825 0.00503534 0.4547592 0.005979537 0.4538825 0.005979537 0.4547069 0.06595206 0.4538825 0.06595206 0.4547069 0.005979537 0.4538825 0.00503534 0.4547592 0.004932165 0.4539439 0.005979537 0.4538825 0.005411624 0.4556251 0.00503534 0.4547592 0.005979537 0.4547069 0.06699943 0.4539439 0.06595206 0.4547069 0.06595206 0.4538825 0.06689625 0.4547592 0.06595206 0.4547069 0.06699943 0.4539439 8.31164e-4 0.3717989 0 0.3707379 7.94613e-4 0.3707379 3.66103e-5 0.3717853 0 0.3707379 8.31164e-4 0.3717989 0.001720845 0.3718754 7.94613e-4 0.3707379 0.001679182 0.3707379 8.31164e-4 0.3717989 7.94613e-4 0.3707379 0.001720845 0.3718754 0.002674221 0.3717977 0.001679182 0.3707379 0.002637803 0.3707379 0.001720845 0.3718754 0.001679182 0.3707379 0.002674221 0.3717977 0.003689527 0.3717835 0.002637803 0.3707379 0.003652989 0.3707379 0.002674221 0.3717977 0.002637803 0.3707379 0.003689527 0.3717835 0.004737555 0.3716787 0.003652989 0.3707379 0.004706561 0.3707379 0.003689527 0.3717835 0.003652989 0.3707379 0.004737555 0.3716787 0.004737555 0.3716787 0.004706561 0.3707379 0.005771875 0.3713058 0.07193499 0.5866473 0.1319075 0.5866473 0.1319075 0.5874722 0.1329532 0.5867085 0.1319075 0.5874722 0.1319075 0.5866473 0.07193499 0.5874722 0.07193499 0.5866473 0.1319075 0.5874722 0.1329532 0.5867085 0.1328483 0.5875241 0.1319075 0.5874722 0.435019 0.3707379 0.435019 0.3107654 0.435813 0.3107654 0.4349825 0.3097056 0.435813 0.3107654 0.435019 0.3107654 0.435813 0.3707379 0.435019 0.3707379 0.435813 0.3107654 0.4349825 0.3097056 0.4357765 0.3097198 0.435813 0.3107654 0.4341349 0.3707379 0.4341349 0.3107654 0.435019 0.3107654 0.4340932 0.3096278 0.435019 0.3107654 0.4341349 0.3107654 0.435019 0.3707379 0.4341349 0.3707379 0.435019 0.3107654 0.4340932 0.3096278 0.4349825 0.3097056 0.435019 0.3107654 0.4331767 0.3707379 0.4331767 0.3107654 0.4341349 0.3107654 0.4331401 0.3097044 0.4341349 0.3107654 0.4331767 0.3107654 0.4341349 0.3707379 0.4331767 0.3707379 0.4341349 0.3107654 0.4331401 0.3097044 0.4340932 0.3096278 0.4341349 0.3107654 0.4321617 0.3707379 0.4321617 0.3107654 0.4331767 0.3107654 0.4321251 0.309718 0.4331767 0.3107654 0.4321617 0.3107654 0.4331767 0.3707379 0.4321617 0.3707379 0.4331767 0.3107654 0.4321251 0.309718 0.4331401 0.3097044 0.4331767 0.3107654 0.4311084 0.3707379 0.4311084 0.3107654 0.4321617 0.3107654 0.4310772 0.3098212 0.4321617 0.3107654 0.4311084 0.3107654 0.4321617 0.3707379 0.4311084 0.3707379 0.4321617 0.3107654 0.4310772 0.3098212 0.4321251 0.309718 0.4321617 0.3107654 0.4300366 0.3101975 0.4310772 0.3098212 0.4311084 0.3107654 0.4321251 0.3717853 0.4311084 0.3707379 0.4321617 0.3707379 0.4310772 0.3716821 0.4311084 0.3707379 0.4321251 0.3717853 0.4331401 0.3717989 0.4321617 0.3707379 0.4331767 0.3707379 0.4321251 0.3717853 0.4321617 0.3707379 0.4331401 0.3717989 0.4340932 0.3718754 0.4331767 0.3707379 0.4341349 0.3707379 0.4331401 0.3717989 0.4331767 0.3707379 0.4340932 0.3718754 0.4349825 0.3717977 0.4341349 0.3707379 0.435019 0.3707379 0.4340932 0.3718754 0.4341349 0.3707379 0.4349825 0.3717977 0.4357765 0.3717835 0.435019 0.3707379 0.435813 0.3707379 0.4349825 0.3717977 0.435019 0.3707379 0.4357765 0.3717835 0.07099419 0.5875241 0.07193499 0.5866473 0.07193499 0.5874722 0.07088935 0.5867085 0.07193499 0.5866473 0.07099419 0.5875241 0.07099419 0.5875241 0.07193499 0.5874722 0.07136708 0.5883852 0.9271179 0.7880912 0.9271179 0.882038 0.9253162 0.882038 0.9253162 0.7880912 0.9271179 0.7880912 0.9253162 0.882038 0.9288408 0.7880912 0.9288408 0.882038 0.9271179 0.882038 0.9271179 0.7880912 0.9288408 0.7880912 0.9271179 0.882038 0.9304467 0.7880912 0.9304467 0.882038 0.9288408 0.882038 0.9287993 0.8835232 0.9288408 0.882038 0.9304467 0.882038 0.9288408 0.7880912 0.9304467 0.7880912 0.9288408 0.882038 0.9287993 0.8835232 0.9271179 0.882038 0.9288408 0.882038 0.9319012 0.7880912 0.9319012 0.882038 0.9304467 0.882038 0.930382 0.8836512 0.9304467 0.882038 0.9319012 0.882038 0.9304467 0.7880912 0.9319012 0.7880912 0.9304467 0.882038 0.930382 0.8836512 0.9287993 0.8835232 0.9304467 0.882038 0.07193499 0.7051882 0.1319075 0.7051882 0.1319075 0.7060436 0.132997 0.7059919 0.1319075 0.7060436 0.1319075 0.7051882 0.07193499 0.7060436 0.07193499 0.7051882 0.1319075 0.7060436 0.9318166 0.8837445 0.930382 0.8836512 0.9319012 0.882038 0.07193499 0.7042229 0.1319075 0.7042229 0.1319075 0.7051882 0.1330333 0.7051402 0.1319075 0.7051882 0.1319075 0.7042229 0.07193499 0.7051882 0.07193499 0.7042229 0.1319075 0.7051882 0.1330333 0.7051402 0.132997 0.7059919 0.1319075 0.7051882 0.07193499 0.7031684 0.1319075 0.7031684 0.1319075 0.7042229 0.1330454 0.7041811 0.1319075 0.7042229 0.1319075 0.7031684 0.07193499 0.7042229 0.07193499 0.7031684 0.1319075 0.7042229 0.1330454 0.7041811 0.1330333 0.7051402 0.1319075 0.7042229 0.07193499 0.7020479 0.1319075 0.7020479 0.1319075 0.7031684 0.132997 0.702025 0.1319075 0.7031684 0.1319075 0.7020479 0.07193499 0.7031684 0.07193499 0.7020479 0.1319075 0.7031684 0.1330333 0.7031353 0.1330454 0.7041811 0.1319075 0.7031684 0.132997 0.702025 0.1330333 0.7031353 0.1319075 0.7031684 0.07193499 0.7008855 0.1319075 0.7008855 0.1319075 0.7020479 0.1329374 0.7008741 0.1319075 0.7020479 0.1319075 0.7008855 0.07193499 0.7020479 0.07193499 0.7008855 0.1319075 0.7020479 0.1329374 0.7008741 0.132997 0.702025 0.1319075 0.7020479 0.07193499 0.6997067 0.1319075 0.6997067 0.1319075 0.7008855 0.1328557 0.6997072 0.1319075 0.7008855 0.1319075 0.6997067 0.07193499 0.7008855 0.07193499 0.6997067 0.1319075 0.7008855 0.1328557 0.6997072 0.1329374 0.7008741 0.1319075 0.7008855 0.07193499 0.6985371 0.1319075 0.6985371 0.1319075 0.6997067 0.07193499 0.6997067 0.07193499 0.6985371 0.1319075 0.6997067 0.1319075 0.6985371 0.1328557 0.6997072 0.1319075 0.6997067 0.07193499 0.697402 0.1319075 0.697402 0.1319075 0.6985371 0.07193499 0.6985371 0.07193499 0.697402 0.1319075 0.6985371 0.07099509 0.69971 0.07193499 0.6997067 0.07193499 0.7008855 0.07099509 0.69971 0.07193499 0.6985371 0.07193499 0.6997067 0.0709142 0.7008764 0.07193499 0.7008855 0.07193499 0.7020479 0.0709142 0.7008764 0.07099509 0.69971 0.07193499 0.7008855 0.07085514 0.7020268 0.07193499 0.7020479 0.07193499 0.7031684 0.07085514 0.7020268 0.0709142 0.7008764 0.07193499 0.7020479 0.07081919 0.7031365 0.07193499 0.7031684 0.07193499 0.7042229 0.07081919 0.7031365 0.07085514 0.7020268 0.07193499 0.7031684 0.07080715 0.7041819 0.07193499 0.7042229 0.07193499 0.7051882 0.07080715 0.7041819 0.07081919 0.7031365 0.07193499 0.7042229 0.07085514 0.7059918 0.07193499 0.7051882 0.07193499 0.7060436 0.07081919 0.7051405 0.07080715 0.7041819 0.07193499 0.7051882 0.07085514 0.7059918 0.07081919 0.7051405 0.07193499 0.7051882 0.9303859 0.7864922 0.9319012 0.7880912 0.9304467 0.7880912 0.9303859 0.7864922 0.9318199 0.7863997 0.9319012 0.7880912 0.928804 0.7866189 0.9304467 0.7880912 0.9288408 0.7880912 0.928804 0.7866189 0.9303859 0.7864922 0.9304467 0.7880912 0.9271179 0.7880912 0.928804 0.7866189 0.9288408 0.7880912 0.9234741 0.8834529 0.9234741 0.8829459 0.9253162 0.882038 0.07612383 0.8829459 0.9234741 0.8829459 0.9234741 0.8834529 0.9252599 0.8843221 0.9253162 0.882038 0.9271179 0.882038 0.9234741 0.8838961 0.9253162 0.882038 0.9252599 0.8843221 0.9234741 0.8834529 0.9253162 0.882038 0.9234741 0.8838961 0.926973 0.8846861 0.9271179 0.882038 0.9287993 0.8835232 0.9252599 0.8843221 0.9271179 0.882038 0.926973 0.8846861 0.928613 0.8849947 0.9287993 0.8835232 0.930382 0.8836512 0.926973 0.8846861 0.9287993 0.8835232 0.928613 0.8849947 0.9301456 0.885242 0.930382 0.8836512 0.9318166 0.8837445 0.928613 0.8849947 0.930382 0.8836512 0.9301456 0.885242 0.134068 0.7058516 0.132997 0.7059919 0.1330333 0.7051402 0.9301456 0.885242 0.9318166 0.8837445 0.9315394 0.8854222 0.134138 0.705005 0.1330333 0.7051402 0.1330454 0.7041811 0.134068 0.7058516 0.1330333 0.7051402 0.134138 0.705005 0.1341615 0.7040568 0.1330454 0.7041811 0.1330333 0.7031353 0.134138 0.705005 0.1330454 0.7041811 0.1341615 0.7040568 0.134068 0.7019359 0.1330333 0.7031353 0.132997 0.702025 0.134138 0.7030266 0.1330333 0.7031353 0.134068 0.7019359 0.1341615 0.7040568 0.1330333 0.7031353 0.134138 0.7030266 0.1339529 0.7008075 0.132997 0.702025 0.1329374 0.7008741 0.134068 0.7019359 0.132997 0.702025 0.1339529 0.7008075 0.1337951 0.699665 0.1329374 0.7008741 0.1328557 0.6997072 0.1339529 0.7008075 0.1329374 0.7008741 0.1337951 0.699665 0.133598 0.6985321 0.1328557 0.6997072 0.1319075 0.6985371 0.1337951 0.699665 0.1328557 0.6997072 0.133598 0.6985321 0.1333657 0.6974324 0.1319075 0.6985371 0.1319075 0.697402 0.133598 0.6985321 0.1319075 0.6985371 0.1333657 0.6974324 0.1330937 0.6963682 0.1319075 0.697402 0.1324871 0.6963362 0.1333657 0.6974324 0.1319075 0.697402 0.1330937 0.6963682 0.934424 0.8834529 0.9343727 0.8838961 0.9344656 0.8829459 0.1330409 0.588414 0.1328108 0.6963505 0.1324871 0.6963362 0.1324754 0.5883852 0.1330409 0.588414 0.1324871 0.6963362 0.08969694 0.02095198 0.03221166 0.1293579 0.03133004 0.1288817 0.09054094 0.02140802 0.09154295 0.02194947 0.03221166 0.1293579 0.08969694 0.02095198 0.09054094 0.02140802 0.03221166 0.1293579 0.03071194 0.1300377 0.03133004 0.1288817 0.03221166 0.1293579 0.03018981 0.1290231 0.03122788 0.1288264 0.03133004 0.1288817 0.08955937 0.02087765 0.03133004 0.1288817 0.03122788 0.1288264 0.03071194 0.1300377 0.03018981 0.1290231 0.03133004 0.1288817 0.08955937 0.02087765 0.08969694 0.02095198 0.03133004 0.1288817 0.03071194 0.1300377 0.03221166 0.1293579 0.03224611 0.1304777 0.03128743 0.1310493 0.03224611 0.1304777 0.0332148 0.1310403 0.03128743 0.1310493 0.03071194 0.1300377 0.03224611 0.1304777 0.03190392 0.1320366 0.0332148 0.1310403 0.0332148 0.1320424 0.03190392 0.1320366 0.03128743 0.1310493 0.0332148 0.1310403 0.5741359 0.1320424 0.0332148 0.1320424 0.0332148 0.1310403 0.03190392 0.1320366 0.0332148 0.1320424 0.0332148 0.1321585 0.5741359 0.1321585 0.0332148 0.1321585 0.0332148 0.1320424 0.5741359 0.1321585 0.0332148 0.1320424 0.5741359 0.1320424 0.5741359 0.1320424 0.0332148 0.1310403 0.5741359 0.1310403 0.0332148 0.133235 0.03190392 0.1320366 0.0332148 0.1321585 0.5741359 0.133235 0.0332148 0.133235 0.0332148 0.1321585 0.5741359 0.133235 0.0332148 0.1321585 0.5741359 0.1321585 0.03018981 0.1290231 0.0302807 0.1283147 0.03122788 0.1288264 0.08861821 0.02036917 0.03122788 0.1288264 0.0302807 0.1283147 0.08861821 0.02036917 0.08955937 0.02087765 0.03122788 0.1288264 0.03018981 0.1290231 0.02973586 0.1280203 0.0302807 0.1283147 0.08861821 0.02036917 0.0302807 0.1283147 0.02973586 0.1280203 0.02917414 0.1292317 0.02973586 0.1280203 0.03018981 0.1290231 0.08788377 0.01997232 0.02973586 0.1280203 0.02939873 0.1278381 0.02917414 0.1292317 0.02939873 0.1278381 0.02973586 0.1280203 0.08788377 0.01997232 0.08861821 0.02036917 0.02973586 0.1280203 0.02960366 0.1301841 0.03018981 0.1290231 0.03071194 0.1300377 0.02960366 0.1301841 0.02917414 0.1292317 0.03018981 0.1290231 0.03009873 0.1311313 0.03071194 0.1300377 0.03128743 0.1310493 0.03009873 0.1311313 0.02960366 0.1301841 0.03071194 0.1300377 0.03065025 0.1320562 0.03128743 0.1310493 0.03190392 0.1320366 0.03065025 0.1320562 0.03009873 0.1311313 0.03128743 0.1310493 0.03124833 0.1329421 0.03190392 0.1320366 0.0332148 0.133235 0.03124833 0.1329421 0.03065025 0.1320562 0.03190392 0.1320366 0.03188204 0.1337727 0.0332148 0.133235 0.0332148 0.1338544 0.03188204 0.1337727 0.03124833 0.1329421 0.0332148 0.133235 0.5741359 0.1338544 0.0332148 0.1338544 0.0332148 0.133235 0.0325399 0.1345331 0.0332148 0.1338544 0.0332148 0.1342376 0.5741359 0.1342376 0.0332148 0.1342376 0.0332148 0.1338544 0.0325399 0.1345331 0.03188204 0.1337727 0.0332148 0.1338544 0.5741359 0.1342376 0.0332148 0.1338544 0.5741359 0.1338544 0.5741359 0.1338544 0.0332148 0.133235 0.5741359 0.133235 0.0332148 0.1351439 0.0325399 0.1345331 0.0332148 0.1342376 0.5741359 0.1352091 0.0332148 0.1351439 0.0332148 0.1342376 0.5741359 0.1352091 0.0332148 0.1342376 0.5741359 0.1342376 0.08693289 0.01945853 0.02939873 0.1278381 0.02854394 0.1273763 0.08773672 0.01989287 0.08788377 0.01997232 0.02939873 0.1278381 0.08693289 0.01945853 0.08773672 0.01989287 0.02939873 0.1278381 0.02785986 0.1279414 0.02854394 0.1273763 0.02939873 0.1278381 0.9320714 0.8898748 0.9317785 0.8902726 0.930791 0.8914049 0.08693289 0.01945853 0.02854394 0.1273763 0.02791357 0.1270357 0.02785986 0.1279414 0.02772665 0.1269347 0.02854394 0.1273763 0.02811586 0.1289768 0.02939873 0.1278381 0.02917414 0.1292317 0.02811586 0.1289768 0.02785986 0.1279414 0.02939873 0.1278381 0.02848124 0.1300319 0.02917414 0.1292317 0.02960366 0.1301841 0.02848124 0.1300319 0.02811586 0.1289768 0.02917414 0.1292317 0.02894818 0.1310843 0.02960366 0.1301841 0.03009873 0.1311313 0.02894818 0.1310843 0.02848124 0.1300319 0.02960366 0.1301841 0.02950668 0.1321113 0.03009873 0.1311313 0.03065025 0.1320562 0.02950668 0.1321113 0.02894818 0.1310843 0.03009873 0.1311313 0.03014469 0.1330908 0.03065025 0.1320562 0.03124833 0.1329421 0.03014469 0.1330908 0.02950668 0.1321113 0.03065025 0.1320562 0.03084862 0.1340019 0.03124833 0.1329421 0.03188204 0.1337727 0.03084862 0.1340019 0.03014469 0.1330908 0.03124833 0.1329421 0.03160321 0.1348249 0.03188204 0.1337727 0.0325399 0.1345331 0.03160321 0.1348249 0.03084862 0.1340019 0.03188204 0.1337727 0.0323925 0.1355424 0.0325399 0.1345331 0.0332148 0.1351439 0.0323925 0.1355424 0.03160321 0.1348249 0.0325399 0.1345331 0.0323925 0.1355424 0.0332148 0.1351439 0.0332148 0.1359257 0.5741359 0.1359256 0.0332148 0.1359257 0.0332148 0.1351439 0.07612383 0.8902726 0.9234741 0.8914946 0.07612383 0.8914049 0.9234741 0.8898748 0.9247624 0.89082 0.9234741 0.8902726 0.07612383 0.8898748 0.9234741 0.8898748 0.9234741 0.8902726 0.07612383 0.8898748 0.9234741 0.8902726 0.07612383 0.8902726 0.1371399 0.5893023 0.1371642 0.697263 0.1369103 0.697162 0.08622306 0.01907497 0.08693289 0.01945853 0.02791357 0.1270357 0.1365694 0.6978191 0.1369103 0.697162 0.1375138 0.6981686 0.9329448 0.8884434 0.9326583 0.8889615 0.9320714 0.8898748 0.137027 0.5892568 0.1369103 0.697162 0.1363273 0.6969596 0.1365694 0.6978191 0.1359965 0.6968607 0.1369103 0.697162 0.137027 0.5892568 0.1371399 0.5893023 0.1369103 0.697162 0.02724033 0.1285776 0.02785986 0.1279414 0.02811586 0.1289768 0.1370552 0.6988049 0.1365694 0.6978191 0.1375138 0.6981686 0.02745258 0.1295885 0.02811586 0.1289768 0.02848124 0.1300319 0.02745258 0.1295885 0.02724033 0.1285776 0.02811586 0.1289768 0.02777451 0.1306053 0.02848124 0.1300319 0.02894818 0.1310843 0.02777451 0.1306053 0.02745258 0.1295885 0.02848124 0.1300319 0.02820003 0.1316089 0.02894818 0.1310843 0.02950668 0.1321113 0.02820003 0.1316089 0.02777451 0.1306053 0.02894818 0.1310843 0.02872097 0.1325798 0.02950668 0.1321113 0.03014469 0.1330908 0.02872097 0.1325798 0.02820003 0.1316089 0.02950668 0.1321113 0.03000807 0.1343511 0.03014469 0.1330908 0.03084862 0.1340019 0.02932751 0.1334997 0.02872097 0.1325798 0.03014469 0.1330908 0.03000807 0.1343511 0.02932751 0.1334997 0.03014469 0.1330908 0.03074967 0.1351177 0.03084862 0.1340019 0.03160321 0.1348249 0.03074967 0.1351177 0.03000807 0.1343511 0.03084862 0.1340019 0.03153824 0.135785 0.03160321 0.1348249 0.0323925 0.1355424 0.03153824 0.135785 0.03074967 0.1351177 0.03160321 0.1348249 0.9248154 0.8893408 0.9247624 0.89082 0.9234741 0.8898748 0.9248154 0.8893408 0.9261004 0.8901018 0.9247624 0.89082 0.9248154 0.8893408 0.9234741 0.8898748 0.9234741 0.8889615 0.07612383 0.8889615 0.9234741 0.8889615 0.9234741 0.8898748 0.07612383 0.8889615 0.9234741 0.8898748 0.07612383 0.8898748 0.9234741 0.8884434 0.9248154 0.8893408 0.9234741 0.8889615 0.07612383 0.8884434 0.9234741 0.8884434 0.9234741 0.8889615 0.07612383 0.8884434 0.9234741 0.8889615 0.07612383 0.8889615 0.1362253 0.5889774 0.1363273 0.6969596 0.1359965 0.6968607 0.1362253 0.5889774 0.137027 0.5892568 0.1363273 0.6969596 0.1349036 0.6975585 0.1359965 0.6968607 0.1365694 0.6978191 0.9335381 0.8871421 0.9333496 0.8875976 0.9329448 0.8884434 0.1357335 0.5888389 0.1359965 0.6968607 0.1354566 0.6967211 0.1349036 0.6975585 0.1351658 0.696656 0.1359965 0.6968607 0.1357335 0.5888389 0.1362253 0.5889774 0.1359965 0.6968607 0.1361631 0.6986326 0.1365694 0.6978191 0.1370552 0.6988049 0.1361631 0.6986326 0.1349036 0.6975585 0.1365694 0.6978191 0.1365443 0.6996657 0.1370552 0.6988049 0.137443 0.6998159 0.1365443 0.6996657 0.1361631 0.6986326 0.1370552 0.6988049 0.1368368 0.7007077 0.137443 0.6998159 0.1377253 0.7008327 0.1368368 0.7007077 0.1365443 0.6996657 0.137443 0.6998159 0.02729403 0.1315112 0.02777451 0.1306053 0.02820003 0.1316089 0.1370349 0.7017385 0.1368368 0.7007077 0.1377253 0.7008327 0.02775609 0.1325111 0.02820003 0.1316089 0.02872097 0.1325798 0.02775609 0.1325111 0.02729403 0.1315112 0.02820003 0.1316089 0.02832263 0.1334612 0.02872097 0.1325798 0.02932751 0.1334997 0.02832263 0.1334612 0.02775609 0.1325111 0.02872097 0.1325798 0.02898275 0.1343432 0.02932751 0.1334997 0.03000807 0.1343511 0.02898275 0.1343432 0.02832263 0.1334612 0.02932751 0.1334997 0.02972388 0.1351401 0.03000807 0.1343511 0.03074967 0.1351177 0.02972388 0.1351401 0.02898275 0.1343432 0.03000807 0.1343511 0.927677 0.8893013 0.9273357 0.8907092 0.9261004 0.8901018 0.927677 0.8893013 0.9289426 0.8897596 0.9273357 0.8907092 0.926331 0.8887042 0.9261004 0.8901018 0.9248154 0.8893408 0.926331 0.8887042 0.927677 0.8893013 0.9261004 0.8901018 0.9251126 0.8867311 0.9248154 0.8893408 0.9234741 0.8884434 0.9251126 0.8867311 0.926331 0.8887042 0.9248154 0.8893408 0.9251126 0.8867311 0.9234741 0.8884434 0.9234741 0.8875976 0.07612383 0.8875976 0.9234741 0.8875976 0.9234741 0.8884434 0.07612383 0.8875976 0.9234741 0.8884434 0.07612383 0.8884434 0.9234741 0.8871421 0.9251126 0.8867311 0.9234741 0.8875976 0.07612383 0.8871421 0.9234741 0.8871421 0.9234741 0.8875976 0.07612383 0.8871421 0.9234741 0.8875976 0.07612383 0.8875976 0.1352223 0.5887176 0.1354566 0.6967211 0.1351658 0.696656 0.1352223 0.5887176 0.1357335 0.5888389 0.1354566 0.6967211 0.9339351 0.8859785 0.9338568 0.8862372 0.9335381 0.8871421 0.1346945 0.5886139 0.1351658 0.696656 0.1345883 0.6965461 0.1349036 0.6975585 0.1344231 0.6965191 0.1351658 0.696656 0.1346945 0.5886139 0.1352223 0.5887176 0.1351658 0.696656 0.1356772 0.6997594 0.1361631 0.6986326 0.1365443 0.6996657 0.1359466 0.7008837 0.1365443 0.6996657 0.1368368 0.7007077 0.1359466 0.7008837 0.1356772 0.6997594 0.1365443 0.6996657 0.1361294 0.7019917 0.1368368 0.7007077 0.1370349 0.7017385 0.1361294 0.7019917 0.1359466 0.7008837 0.1368368 0.7007077 0.136222 0.7030599 0.1370349 0.7017385 0.1371349 0.7027385 0.136222 0.7030599 0.1361294 0.7019917 0.1370349 0.7017385 0.136222 0.7030599 0.1371349 0.7027385 0.1371349 0.7036886 0.136222 0.7040651 0.1371349 0.7036886 0.1370349 0.7045705 0.136222 0.7040651 0.136222 0.7030599 0.1371349 0.7036886 0.9309062 0.8886517 0.9301037 0.8900699 0.9289426 0.8897596 0.1361294 0.7049861 0.136222 0.7040651 0.1370349 0.7045705 0.9296247 0.8883651 0.9289426 0.8897596 0.927677 0.8893013 0.9296247 0.8883651 0.9309062 0.8886517 0.9289426 0.8897596 0.9282113 0.8879431 0.927677 0.8893013 0.926331 0.8887042 0.9282113 0.8879431 0.9296247 0.8883651 0.927677 0.8893013 0.9251126 0.8867311 0.9234741 0.8871421 0.9234741 0.8862372 0.07612383 0.8862372 0.9234741 0.8862372 0.9234741 0.8871421 0.07612383 0.8862372 0.9234741 0.8871421 0.07612383 0.8871421 0.9234741 0.8859785 0.9251126 0.8867311 0.9234741 0.8862372 0.07612383 0.8859785 0.9234741 0.8859785 0.9234741 0.8862372 0.07612383 0.8859785 0.9234741 0.8862372 0.07612383 0.8862372 0.1346945 0.5886139 0.1345883 0.6965461 0.1344231 0.6965191 0.1349036 0.6975585 0.1337116 0.6964242 0.1344231 0.6965191 0.1341533 0.5885286 0.1344231 0.6965191 0.1337116 0.6964242 0.1341533 0.5885286 0.1346945 0.5886139 0.1344231 0.6965191 0.1344341 0.698496 0.1349036 0.6975585 0.1361631 0.6986326 0.1347133 0.6995896 0.1361631 0.6986326 0.1356772 0.6997594 0.1347133 0.6995896 0.1344341 0.698496 0.1361631 0.6986326 0.1349366 0.7006939 0.1356772 0.6997594 0.1359466 0.7008837 0.1349366 0.7006939 0.1347133 0.6995896 0.1356772 0.6997594 0.1350993 0.7017869 0.1359466 0.7008837 0.1361294 0.7019917 0.1350993 0.7017869 0.1349366 0.7006939 0.1359466 0.7008837 0.1351982 0.7028467 0.1361294 0.7019917 0.136222 0.7030599 0.1351982 0.7028467 0.1350993 0.7017869 0.1361294 0.7019917 0.1352314 0.7038523 0.136222 0.7030599 0.136222 0.7040651 0.1352314 0.7038523 0.1351982 0.7028467 0.136222 0.7030599 0.1351982 0.7047834 0.136222 0.7040651 0.1361294 0.7049861 0.1351982 0.7047834 0.1352314 0.7038523 0.136222 0.7040651 0.9310791 0.8870377 0.9309062 0.8886517 0.9296247 0.8883651 0.1350993 0.7056214 0.1351982 0.7047834 0.1361294 0.7049861 0.9297496 0.8867828 0.9296247 0.8883651 0.9282113 0.8879431 0.9297496 0.8867828 0.9310791 0.8870377 0.9296247 0.8883651 0.9282945 0.8864332 0.9282113 0.8879431 0.926331 0.8887042 0.9282945 0.8864332 0.9297496 0.8867828 0.9282113 0.8879431 0.9267431 0.8859957 0.926331 0.8887042 0.9251126 0.8867311 0.9267431 0.8859957 0.9282945 0.8864332 0.926331 0.8887042 0.9251126 0.8867311 0.9234741 0.8859785 0.9234741 0.8848951 0.07612383 0.8848642 0.9234741 0.8848951 0.9234741 0.8859785 0.07612383 0.8848642 0.9234741 0.8859785 0.07612383 0.8859785 0.9252599 0.8843221 0.9251126 0.8867311 0.9234741 0.8848951 0.1333657 0.6974324 0.1337116 0.6964242 0.1349036 0.6975585 0.1333657 0.6974324 0.1330937 0.6963682 0.1337116 0.6964242 0.133598 0.6985321 0.1349036 0.6975585 0.1344341 0.698496 0.133598 0.6985321 0.1333657 0.6974324 0.1349036 0.6975585 0.1337951 0.699665 0.1344341 0.698496 0.1347133 0.6995896 0.1337951 0.699665 0.133598 0.6985321 0.1344341 0.698496 0.1339529 0.7008075 0.1347133 0.6995896 0.1349366 0.7006939 0.1339529 0.7008075 0.1337951 0.699665 0.1347133 0.6995896 0.134068 0.7019359 0.1349366 0.7006939 0.1350993 0.7017869 0.134068 0.7019359 0.1339529 0.7008075 0.1349366 0.7006939 0.134138 0.7030266 0.1350993 0.7017869 0.1351982 0.7028467 0.134138 0.7030266 0.134068 0.7019359 0.1350993 0.7017869 0.134138 0.7030266 0.1351982 0.7028467 0.1352314 0.7038523 0.1341615 0.7040568 0.1352314 0.7038523 0.1351982 0.7047834 0.1341615 0.7040568 0.134138 0.7030266 0.1352314 0.7038523 0.134138 0.705005 0.1351982 0.7047834 0.1350993 0.7056214 0.134138 0.705005 0.1341615 0.7040568 0.1351982 0.7047834 0.9315394 0.8854222 0.9310791 0.8870377 0.9297496 0.8867828 0.134068 0.7058516 0.134138 0.705005 0.1350993 0.7056214 0.9301456 0.885242 0.9297496 0.8867828 0.9282945 0.8864332 0.9301456 0.885242 0.9315394 0.8854222 0.9297496 0.8867828 0.928613 0.8849947 0.9282945 0.8864332 0.9267431 0.8859957 0.928613 0.8849947 0.9301456 0.885242 0.9282945 0.8864332 0.926973 0.8846861 0.9267431 0.8859957 0.9251126 0.8867311 0.926973 0.8846861 0.928613 0.8849947 0.9267431 0.8859957 0.9252599 0.8843221 0.926973 0.8846861 0.9251126 0.8867311 0.9234741 0.8838961 0.9252599 0.8843221 0.9234741 0.8848951 0.07612383 0.8838961 0.9234741 0.8838961 0.9234741 0.8848951 0.07612383 0.8838961 0.9234741 0.8848951 0.07612383 0.8848642 0.1336011 0.5884618 0.1337116 0.6964242 0.1330937 0.6963682 0.1336011 0.5884618 0.1341533 0.5885286 0.1337116 0.6964242 0.1330409 0.588414 0.1330937 0.6963682 0.1328108 0.6963505 0.1330409 0.588414 0.1336011 0.5884618 0.1330937 0.6963682 0.07612383 0.8834529 0.9234741 0.8834529 0.9234741 0.8838961 0.07612383 0.8834529 0.9234741 0.8838961 0.07612383 0.8838961 0.07612383 0.8834529 0.07612383 0.8829459 0.9234741 0.8834529 0.09154295 0.02081054 0.09154295 0.02194947 0.09054094 0.02140802 0.08917623 0.02008128 0.08969694 0.02095198 0.08955937 0.02087765 0.09038424 0.02001255 0.08969694 0.02095198 0.08917623 0.02008128 0.09038424 0.02001255 0.09054094 0.02140802 0.08969694 0.02095198 0.08917623 0.02008128 0.08955937 0.02087765 0.08861821 0.02036917 0.08917623 0.02008128 0.08861821 0.02036917 0.08788377 0.01997232 0.08742612 0.01920294 0.08788377 0.01997232 0.08773672 0.01989287 0.08868181 0.01925224 0.08788377 0.01997232 0.08742612 0.01920294 0.08868181 0.01925224 0.08917623 0.02008128 0.08788377 0.01997232 0.08742612 0.01920294 0.08773672 0.01989287 0.08693289 0.01945853 0.08701092 0.01850658 0.08693289 0.01945853 0.08622306 0.01907497 0.08701092 0.01850658 0.08742612 0.01920294 0.08693289 0.01945853 0.08701092 0.01850658 0.08622306 0.01907497 0.08613866 0.01902937 0.1367564 0.5881214 0.137027 0.5892568 0.1362253 0.5889774 0.0866456 0.01789402 0.08701092 0.01850658 0.08613866 0.01902937 0.1355175 0.5882859 0.1357335 0.5888389 0.1352223 0.5887176 0.1355175 0.5882859 0.1362253 0.5889774 0.1357335 0.5888389 0.1355175 0.5882859 0.1352223 0.5887176 0.1346945 0.5886139 0.1346683 0.5879343 0.1346945 0.5886139 0.1341533 0.5885286 0.1346683 0.5879343 0.1355175 0.5882859 0.1346945 0.5886139 0.1337737 0.587679 0.1341533 0.5885286 0.1336011 0.5884618 0.1337737 0.587679 0.1346683 0.5879343 0.1341533 0.5885286 0.1337737 0.587679 0.1336011 0.5884618 0.1330409 0.588414 0.1328483 0.5875241 0.1330409 0.588414 0.1324754 0.5883852 0.1328483 0.5875241 0.1337737 0.587679 0.1330409 0.588414 0.1358988 0.587604 0.1362253 0.5889774 0.1355175 0.5882859 0.1358988 0.587604 0.1367564 0.5881214 0.1362253 0.5889774 0.1349674 0.5871913 0.1355175 0.5882859 0.1346683 0.5879343 0.1349674 0.5871913 0.1358988 0.587604 0.1355175 0.5882859 0.1339794 0.586891 0.1346683 0.5879343 0.1337737 0.587679 0.1339794 0.586891 0.1349674 0.5871913 0.1346683 0.5879343 0.1329532 0.5867085 0.1337737 0.587679 0.1328483 0.5875241 0.1329532 0.5867085 0.1339794 0.586891 0.1337737 0.587679 0.08822226 0.01848155 0.08742612 0.01920294 0.08701092 0.01850658 0.08822226 0.01848155 0.08868181 0.01925224 0.08742612 0.01920294 0.0878058 0.0177831 0.08701092 0.01850658 0.0866456 0.01789402 0.0878058 0.0177831 0.08822226 0.01848155 0.08701092 0.01850658 0.1368327 0.5873968 0.1367564 0.5881214 0.1358988 0.587604 0.08743983 0.01716941 0.0878058 0.0177831 0.0866456 0.01789402 0.4344486 0.3067146 0.4352425 0.3067741 0.4354886 0.3077055 0.4344486 0.3067146 0.4341398 0.3058402 0.4352425 0.3067741 0.4346948 0.3076619 0.4354886 0.3077055 0.4356677 0.3086935 0.4346948 0.3076619 0.4344486 0.3067146 0.4354886 0.3077055 0.4348738 0.3086648 0.4356677 0.3086935 0.4357765 0.3097198 0.4348738 0.3086648 0.4346948 0.3076619 0.4356677 0.3086935 0.4349825 0.3097056 0.4348738 0.3086648 0.4357765 0.3097198 0.08983707 0.019095 0.08917623 0.02008128 0.08868181 0.01925224 0.08983707 0.019095 0.09038424 0.02001255 0.08917623 0.02008128 0.08932453 0.01823556 0.08868181 0.01925224 0.08822226 0.01848155 0.08932453 0.01823556 0.08983707 0.019095 0.08868181 0.01925224 0.08885711 0.01745164 0.08822226 0.01848155 0.0878058 0.0177831 0.08885711 0.01745164 0.08932453 0.01823556 0.08822226 0.01848155 0.08844423 0.01675927 0.0878058 0.0177831 0.08743983 0.01716941 0.08844423 0.01675927 0.08885711 0.01745164 0.0878058 0.0177831 0.4334853 0.3064438 0.4341398 0.3058402 0.4344486 0.3067146 0.4334853 0.3064438 0.4331354 0.3055307 0.4341398 0.3058402 0.4337651 0.3074449 0.4344486 0.3067146 0.4346948 0.3076619 0.4337651 0.3074449 0.4334853 0.3064438 0.4344486 0.3067146 0.4339691 0.3085135 0.4346948 0.3076619 0.4348738 0.3086648 0.4339691 0.3085135 0.4337651 0.3074449 0.4346948 0.3076619 0.4340932 0.3096278 0.4348738 0.3086648 0.4349825 0.3097056 0.4340932 0.3096278 0.4339691 0.3085135 0.4348738 0.3086648 0.09154295 0.01986366 0.09054094 0.02140802 0.09038424 0.02001255 0.09154295 0.01986366 0.09154295 0.02081054 0.09054094 0.02140802 0.09102362 0.01899021 0.09038424 0.02001255 0.08983707 0.019095 0.09102362 0.01899021 0.09154295 0.01986366 0.09038424 0.02001255 0.09052842 0.0181598 0.08983707 0.019095 0.08932453 0.01823556 0.09052842 0.0181598 0.09102362 0.01899021 0.08983707 0.019095 0.09006798 0.01738768 0.08932453 0.01823556 0.08885711 0.01745164 0.09006798 0.01738768 0.09052842 0.0181598 0.08932453 0.01823556 0.08965069 0.01668787 0.08885711 0.01745164 0.08844423 0.01675927 0.08965069 0.01668787 0.09006798 0.01738768 0.08885711 0.01745164 0.4322956 0.3058353 0.4331354 0.3055307 0.4334853 0.3064438 0.4322956 0.3058353 0.4319289 0.305049 0.4331354 0.3055307 0.4326051 0.3067103 0.4334853 0.3064438 0.4337651 0.3074449 0.4326051 0.3067103 0.4322956 0.3058353 0.4334853 0.3064438 0.4328517 0.3076584 0.4337651 0.3074449 0.4339691 0.3085135 0.4328517 0.3076584 0.4326051 0.3067103 0.4337651 0.3074449 0.4330312 0.3086624 0.4339691 0.3085135 0.4340932 0.3096278 0.4330312 0.3086624 0.4328517 0.3076584 0.4339691 0.3085135 0.4331401 0.3097044 0.4330312 0.3086624 0.4340932 0.3096278 0.5158077 0.02081054 0.09154295 0.02081054 0.09154295 0.01986366 0.5158077 0.02081054 0.5158077 0.02194947 0.09154295 0.02081054 0.09154295 0.0196948 0.09154295 0.01986366 0.09102362 0.01899021 0.5158077 0.0198512 0.09154295 0.01986366 0.09154295 0.0196948 0.5158077 0.0198512 0.5158077 0.02081054 0.09154295 0.01986366 0.09154295 0.01862508 0.09102362 0.01899021 0.09052842 0.0181598 0.09154295 0.01862508 0.09154295 0.0196948 0.09102362 0.01899021 0.09108227 0.01703166 0.09052842 0.0181598 0.09006798 0.01738768 0.09154295 0.01780211 0.09154295 0.01862508 0.09052842 0.0181598 0.09108227 0.01703166 0.09154295 0.01780211 0.09052842 0.0181598 0.09066587 0.01633346 0.09006798 0.01738768 0.08965069 0.01668787 0.09066587 0.01633346 0.09108227 0.01703166 0.09006798 0.01738768 0.43128 0.3059095 0.4319289 0.305049 0.4322956 0.3058353 0.43128 0.3059095 0.4309138 0.3051411 0.4319289 0.305049 0.4315895 0.306768 0.4322956 0.3058353 0.4326051 0.3067103 0.4315895 0.306768 0.43128 0.3059095 0.4322956 0.3058353 0.4318363 0.3077006 0.4326051 0.3067103 0.4328517 0.3076584 0.4318363 0.3077006 0.4315895 0.306768 0.4326051 0.3067103 0.432016 0.3086901 0.4328517 0.3076584 0.4330312 0.3086624 0.432016 0.3086901 0.4318363 0.3077006 0.4328517 0.3076584 0.4321251 0.309718 0.4330312 0.3086624 0.4331401 0.3097044 0.4321251 0.309718 0.432016 0.3086901 0.4330312 0.3086624 0.5158077 0.0196948 0.09154295 0.0196948 0.09154295 0.01862508 0.5158077 0.0196948 0.5158077 0.0198512 0.09154295 0.0196948 0.5158077 0.01862508 0.09154295 0.01862508 0.09154295 0.01780211 0.5158077 0.01862508 0.5158077 0.0196948 0.09154295 0.01862508 0.09154295 0.01762312 0.09154295 0.01780211 0.09108227 0.01703166 0.5158077 0.01779025 0.09154295 0.01780211 0.09154295 0.01762312 0.5158077 0.01779025 0.5158077 0.01862508 0.09154295 0.01780211 0.09154295 0.01670944 0.09108227 0.01703166 0.09066587 0.01633346 0.09154295 0.01670944 0.09154295 0.01762312 0.09108227 0.01703166 0.4300366 0.305533 0.4309138 0.3051411 0.43128 0.3059095 0.4300366 0.305533 0.4300366 0.3047252 0.4309138 0.3051411 0.4300366 0.3064476 0.43128 0.3059095 0.4315895 0.306768 0.4300366 0.3056311 0.4300366 0.305533 0.43128 0.3059095 0.4300366 0.3064476 0.4300366 0.3056311 0.43128 0.3059095 0.4300366 0.3069394 0.4315895 0.306768 0.4318363 0.3077006 0.4300366 0.3069394 0.4300366 0.3064476 0.4315895 0.306768 0.4308309 0.3079951 0.4318363 0.3077006 0.432016 0.3086901 0.4308309 0.3079951 0.4300366 0.3069394 0.4318363 0.3077006 0.4309842 0.3088927 0.432016 0.3086901 0.4321251 0.309718 0.4309842 0.3088927 0.4308309 0.3079951 0.432016 0.3086901 0.4310772 0.3098212 0.4309842 0.3088927 0.4321251 0.309718 0.5158077 0.01762312 0.09154295 0.01762312 0.09154295 0.01670944 0.5158077 0.01762312 0.5158077 0.01779025 0.09154295 0.01762312 0.005771875 0.3047252 0.4300366 0.3047252 0.4300366 0.305533 0.5158077 0.01670944 0.5158077 0.01762312 0.09154295 0.01670944 0.005771875 0.305533 0.4300366 0.305533 0.4300366 0.3056311 0.005771875 0.305533 0.005771875 0.3047252 0.4300366 0.305533 0.005771875 0.305646 0.4300366 0.3056311 0.4300366 0.3064476 0.005771875 0.305646 0.005771875 0.305533 0.4300366 0.3056311 0.4300366 0.3074507 0.4300366 0.3069394 0.4308309 0.3079951 0.4300366 0.3085196 0.4308309 0.3079951 0.4309842 0.3088927 0.4300366 0.3079784 0.4300366 0.3074507 0.4308309 0.3079951 0.4300366 0.3085196 0.4300366 0.3079784 0.4308309 0.3079951 0.4300366 0.3090718 0.4309842 0.3088927 0.4310772 0.3098212 0.4300366 0.3090718 0.4300366 0.3085196 0.4309842 0.3088927 0.4300366 0.309632 0.4300366 0.3090718 0.4310772 0.3098212 0.4300366 0.3101975 0.4300366 0.309632 0.4310772 0.3098212 0.005771875 0.3064476 0.4300366 0.3064476 0.4300366 0.3069394 0.005771875 0.3064476 0.005771875 0.305646 0.4300366 0.3064476 0.005771875 0.3069394 0.4300366 0.3069394 0.4300366 0.3074507 0.005771875 0.3069394 0.005771875 0.3064476 0.4300366 0.3069394 0.005771875 0.3074507 0.4300366 0.3074507 0.4300366 0.3079784 0.005771875 0.3074507 0.005771875 0.3069394 0.4300366 0.3074507 0.005771875 0.3079784 0.4300366 0.3079784 0.4300366 0.3085196 0.005771875 0.3079784 0.005771875 0.3074507 0.4300366 0.3079784 0.005771875 0.3085196 0.4300366 0.3085196 0.4300366 0.3090718 0.005771875 0.3085196 0.005771875 0.3079784 0.4300366 0.3085196 0.005771875 0.3090718 0.4300366 0.3090718 0.4300366 0.309632 0.005771875 0.3090718 0.005771875 0.3085196 0.4300366 0.3090718 0.005771875 0.309632 0.4300366 0.309632 0.4300366 0.3101975 0.005771875 0.309632 0.005771875 0.3090718 0.4300366 0.309632 0.005771875 0.3101975 0.005771875 0.309632 0.4300366 0.3101975 0.5168098 0.02140802 0.5158077 0.02194947 0.5158077 0.02081054 0.5163262 0.01897913 0.5158077 0.0198512 0.5158077 0.0196948 0.5169609 0.02000927 0.5158077 0.0198512 0.5163262 0.01897913 0.5169609 0.02000927 0.5158077 0.02081054 0.5158077 0.0198512 0.5163262 0.01897913 0.5158077 0.0196948 0.5158077 0.01862508 0.5163262 0.01897913 0.5158077 0.01862508 0.5158077 0.01779025 0.5162671 0.01702189 0.5158077 0.01779025 0.5158077 0.01762312 0.5168207 0.01815009 0.5158077 0.01779025 0.5162671 0.01702189 0.5168207 0.01815009 0.5163262 0.01897913 0.5158077 0.01779025 0.5162671 0.01702189 0.5158077 0.01762312 0.5158077 0.01670944 0.004897296 0.3051486 0.005771875 0.3047252 0.005771875 0.305533 0.5166823 0.01632553 0.5162671 0.01702189 0.5158077 0.01670944 0.004897296 0.3051486 0.005771875 0.305533 0.005771875 0.305646 0.004532039 0.3059165 0.005771875 0.305646 0.005771875 0.3064476 0.004532039 0.3059165 0.004897296 0.3051486 0.005771875 0.305646 0.005191802 0.3071553 0.005771875 0.3069394 0.005771875 0.3074507 0.005191802 0.3071553 0.005771875 0.3064476 0.005771875 0.3069394 0.005191802 0.3071553 0.005771875 0.3074507 0.005771875 0.3079784 0.004982173 0.3080046 0.005771875 0.3079784 0.005771875 0.3085196 0.004982173 0.3080046 0.005191802 0.3071553 0.005771875 0.3079784 0.004829883 0.3088993 0.005771875 0.3085196 0.005771875 0.3090718 0.004829883 0.3088993 0.004982173 0.3080046 0.005771875 0.3085196 0.004829883 0.3088993 0.005771875 0.3090718 0.005771875 0.309632 0.004737555 0.3098246 0.005771875 0.309632 0.005771875 0.3101975 0.004737555 0.3098246 0.004829883 0.3088993 0.005771875 0.309632 0.004223525 0.3067741 0.005771875 0.3064476 0.005191802 0.3071553 0.004223525 0.3067741 0.004532039 0.3059165 0.005771875 0.3064476 0.003977417 0.3077055 0.005191802 0.3071553 0.004982173 0.3080046 0.003977417 0.3077055 0.004223525 0.3067741 0.005191802 0.3071553 0.003798305 0.3086935 0.004982173 0.3080046 0.004829883 0.3088993 0.003798305 0.3086935 0.003977417 0.3077055 0.004982173 0.3080046 0.003689527 0.3097198 0.004829883 0.3088993 0.004737555 0.3098246 0.003689527 0.3097198 0.003798305 0.3086935 0.004829883 0.3088993 0.5172802 0.0173794 0.5162671 0.01702189 0.5166823 0.01632553 0.5172802 0.0173794 0.5168207 0.01815009 0.5162671 0.01702189 0.003882944 0.3050543 0.004897296 0.3051486 0.004532039 0.3059165 0.5176967 0.01668095 0.5172802 0.0173794 0.5166823 0.01632553 0.003516972 0.3058402 0.004532039 0.3059165 0.004223525 0.3067741 0.003516972 0.3058402 0.003882944 0.3050543 0.004532039 0.3059165 0.00320816 0.3067146 0.004223525 0.3067741 0.003977417 0.3077055 0.00320816 0.3067146 0.003516972 0.3058402 0.004223525 0.3067741 0.002961993 0.3076619 0.003977417 0.3077055 0.003798305 0.3086935 0.002961993 0.3076619 0.00320816 0.3067146 0.003977417 0.3077055 0.002783 0.3086648 0.003798305 0.3086935 0.003689527 0.3097198 0.002783 0.3086648 0.002961993 0.3076619 0.003798305 0.3086935 0.002674221 0.3097056 0.002783 0.3086648 0.003689527 0.3097198 0.5175081 0.01909172 0.5163262 0.01897913 0.5168207 0.01815009 0.5175081 0.01909172 0.5169609 0.02000927 0.5163262 0.01897913 0.5180206 0.01823222 0.5168207 0.01815009 0.5172802 0.0173794 0.5180206 0.01823222 0.5175081 0.01909172 0.5168207 0.01815009 0.518488 0.01744836 0.5172802 0.0173794 0.5176967 0.01668095 0.518488 0.01744836 0.5180206 0.01823222 0.5172802 0.0173794 0.002678692 0.3055307 0.003882944 0.3050543 0.003516972 0.3058402 0.5189009 0.01675599 0.518488 0.01744836 0.5176967 0.01668095 0.002328813 0.3064438 0.003516972 0.3058402 0.00320816 0.3067146 0.002328813 0.3064438 0.002678692 0.3055307 0.003516972 0.3058402 0.002048969 0.3074449 0.00320816 0.3067146 0.002961993 0.3076619 0.002048969 0.3074449 0.002328813 0.3064438 0.00320816 0.3067146 0.001844942 0.3085135 0.002961993 0.3076619 0.002783 0.3086648 0.001844942 0.3085135 0.002048969 0.3074449 0.002961993 0.3076619 0.001720845 0.3096278 0.002783 0.3086648 0.002674221 0.3097056 0.001720845 0.3096278 0.001844942 0.3085135 0.002783 0.3086648 0.5176428 0.02095794 0.5158077 0.02081054 0.5169609 0.02000927 0.5176428 0.02095794 0.5168098 0.02140802 0.5158077 0.02081054 0.5181643 0.02008581 0.5169609 0.02000927 0.5175081 0.01909172 0.5181643 0.02008581 0.5176428 0.02095794 0.5169609 0.02000927 0.5186595 0.01925534 0.5175081 0.01909172 0.5180206 0.01823222 0.5186595 0.01925534 0.5181643 0.02008581 0.5175081 0.01909172 0.51912 0.01848328 0.5180206 0.01823222 0.518488 0.01744836 0.51912 0.01848328 0.5186595 0.01925534 0.5180206 0.01823222 0.5195373 0.01778346 0.518488 0.01744836 0.5189009 0.01675599 0.5195373 0.01778346 0.51912 0.01848328 0.518488 0.01744836 0.001675665 0.3058353 0.002678692 0.3055307 0.002328813 0.3064438 0.519904 0.01716858 0.5195373 0.01778346 0.5189009 0.01675599 0.001366257 0.3067103 0.002328813 0.3064438 0.002048969 0.3074449 0.001366257 0.3067103 0.001675665 0.3058353 0.002328813 0.3064438 0.001119554 0.3076584 0.002048969 0.3074449 0.001844942 0.3085135 0.001119554 0.3076584 0.001366257 0.3067103 0.002048969 0.3074449 9.40131e-4 0.3086624 0.001844942 0.3085135 0.001720845 0.3096278 9.40131e-4 0.3086624 0.001119554 0.3076584 0.001844942 0.3085135 8.31164e-4 0.3097044 9.40131e-4 0.3086624 0.001720845 0.3096278 0.575139 0.1293579 0.5168098 0.02140802 0.5176428 0.02095794 0.5177913 0.02087765 0.5176428 0.02095794 0.5181643 0.02008581 0.5760207 0.1288817 0.5176428 0.02095794 0.5177913 0.02087765 0.5760207 0.1288817 0.575139 0.1293579 0.5176428 0.02095794 0.5187325 0.02036917 0.5181643 0.02008581 0.5186595 0.01925534 0.5187325 0.02036917 0.5177913 0.02087765 0.5181643 0.02008581 0.5199153 0.01920634 0.5186595 0.01925534 0.51912 0.01848328 0.5194565 0.01997792 0.5187325 0.02036917 0.5186595 0.01925534 0.5199153 0.01920634 0.5194565 0.01997792 0.5186595 0.01925534 0.5203317 0.01850813 0.51912 0.01848328 0.5195373 0.01778346 0.5203317 0.01850813 0.5199153 0.01920634 0.51912 0.01848328 0.520698 0.01789385 0.5195373 0.01778346 0.519904 0.01716858 0.520698 0.01789385 0.5203317 0.01850813 0.5195373 0.01778346 5.72241e-4 0.306768 0.001675665 0.3058353 0.001366257 0.3067103 0.001982152 0.4548422 0.001123666 0.4553611 0.001049458 0.4546358 3.25412e-4 0.3077006 0.001366257 0.3067103 0.001119554 0.3076584 3.25412e-4 0.3077006 5.72241e-4 0.306768 0.001366257 0.3067103 1.45756e-4 0.3086901 0.001119554 0.3076584 9.40131e-4 0.3086624 1.45756e-4 0.3086901 3.25412e-4 0.3077006 0.001119554 0.3076584 3.66103e-5 0.309718 9.40131e-4 0.3086624 8.31164e-4 0.3097044 3.66103e-5 0.309718 1.45756e-4 0.3086901 9.40131e-4 0.3086624 0.5761228 0.1288264 0.5177913 0.02087765 0.5187325 0.02036917 0.5761228 0.1288264 0.5760207 0.1288817 0.5177913 0.02087765 0.5770701 0.1283147 0.5187325 0.02036917 0.5194565 0.01997792 0.5770701 0.1283147 0.5761228 0.1288264 0.5187325 0.02036917 0.519614 0.01989287 0.5194565 0.01997792 0.5199153 0.01920634 0.5776148 0.1280203 0.5194565 0.01997792 0.519614 0.01989287 0.5776148 0.1280203 0.5770701 0.1283147 0.5194565 0.01997792 0.5204178 0.01945853 0.5199153 0.01920634 0.5203317 0.01850813 0.5204178 0.01945853 0.519614 0.01989287 0.5199153 0.01920634 0.5211276 0.01907497 0.5203317 0.01850813 0.520698 0.01789385 0.5211276 0.01907497 0.5204178 0.01945853 0.5203317 0.01850813 0.001661717 0.4562173 0.001123666 0.4553611 0.001982152 0.4548422 0.5212011 0.01903527 0.5211276 0.01907497 0.520698 0.01789385 0.001661717 0.4562173 8.45261e-4 0.4565025 0.001123666 0.4553611 0.002153515 0.4560788 0.001982152 0.4548422 0.002914786 0.4544282 0.002153515 0.4560788 0.001661717 0.4562173 0.001982152 0.4548422 0.003209233 0.4551721 0.002914786 0.4544282 0.003904223 0.454127 0.003209233 0.4551721 0.002153515 0.4560788 0.002914786 0.4544282 0.004106819 0.4549151 0.003904223 0.454127 0.004932165 0.4539439 0.004106819 0.4549151 0.003209233 0.4551721 0.003904223 0.454127 0.00503534 0.4547592 0.004106819 0.4549151 0.004932165 0.4539439 0.577952 0.1278381 0.519614 0.01989287 0.5204178 0.01945853 0.577952 0.1278381 0.5776148 0.1280203 0.519614 0.01989287 0.5788068 0.1273763 0.5204178 0.01945853 0.5211276 0.01907497 0.5788068 0.1273763 0.577952 0.1278381 0.5204178 0.01945853 7.22778e-4 0.5645029 7.47167e-4 0.4565422 8.45261e-4 0.4565025 0.5794371 0.1270357 0.5788068 0.1273763 0.5211276 0.01907497 9.76771e-4 0.5644019 8.45261e-4 0.4565025 0.001661717 0.4562173 9.76771e-4 0.5644019 7.22778e-4 0.5645029 8.45261e-4 0.4565025 0.002664804 0.4559574 0.002153515 0.4560788 0.003209233 0.4551721 0.003733813 0.4557685 0.003209233 0.4551721 0.004106819 0.4549151 0.003192543 0.4558538 0.002664804 0.4559574 0.003209233 0.4551721 0.003733813 0.4557685 0.003192543 0.4558538 0.003209233 0.4551721 0.004285931 0.4557017 0.004106819 0.4549151 0.00503534 0.4547592 0.004285931 0.4557017 0.003733813 0.4557685 0.004106819 0.4549151 0.004846155 0.4556538 0.004285931 0.4557017 0.00503534 0.4547592 0.005411624 0.4556251 0.004846155 0.4556538 0.00503534 0.4547592 0.00189054 0.5641006 0.001661717 0.4562173 0.002153515 0.4560788 0.001559734 0.5641994 9.76771e-4 0.5644019 0.001661717 0.4562173 0.00189054 0.5641006 0.001559734 0.5641994 0.001661717 0.4562173 0.002430438 0.563961 0.002153515 0.4560788 0.002664804 0.4559574 0.002430438 0.563961 0.00189054 0.5641006 0.002153515 0.4560788 0.00272119 0.5638959 0.002664804 0.4559574 0.003192543 0.4558538 0.00272119 0.5638959 0.002430438 0.563961 0.002664804 0.4559574 0.003298819 0.563786 0.003192543 0.4558538 0.003733813 0.4557685 0.003298819 0.563786 0.00272119 0.5638959 0.003192543 0.4558538 0.004175305 0.563664 0.003733813 0.4557685 0.004285931 0.4557017 0.003463983 0.5637591 0.003298819 0.563786 0.003733813 0.4557685 0.004175305 0.563664 0.003463983 0.5637591 0.003733813 0.4557685 0.004793345 0.5636081 0.004285931 0.4557017 0.004846155 0.4556538 0.004793345 0.5636081 0.004175305 0.563664 0.004285931 0.4557017 0.005076229 0.5635904 0.004846155 0.4556538 0.005411624 0.4556251 0.005076229 0.5635904 0.004793345 0.5636081 0.004846155 0.4556538 0.005399942 0.563576 0.005076229 0.5635904 0.005411624 0.4556251 0.5766388 0.1300377 0.5760207 0.1288817 0.5761228 0.1288264 0.5766388 0.1300377 0.575139 0.1293579 0.5760207 0.1288817 0.5770701 0.1283147 0.5766388 0.1300377 0.5761228 0.1288264 0.5781766 0.1292317 0.5770701 0.1283147 0.5776148 0.1280203 0.577952 0.1278381 0.5781766 0.1292317 0.5776148 0.1280203 0.5794908 0.1279414 0.5788068 0.1273763 0.5794371 0.1270357 0.5794908 0.1279414 0.577952 0.1278381 0.5788068 0.1273763 3.73342e-4 0.5654086 7.22778e-4 0.5645029 9.76771e-4 0.5644019 0.00131762 0.565059 9.76771e-4 0.5644019 0.001559734 0.5641994 0.00131762 0.565059 3.73342e-4 0.5654086 9.76771e-4 0.5644019 0.00131762 0.565059 0.001559734 0.5641994 0.00189054 0.5641006 0.00298351 0.5647984 0.00189054 0.5641006 0.002430438 0.563961 0.00298351 0.5647984 0.00131762 0.565059 0.00189054 0.5641006 0.00298351 0.5647984 0.002430438 0.563961 0.00272119 0.5638959 0.00298351 0.5647984 0.00272119 0.5638959 0.003298819 0.563786 0.00298351 0.5647984 0.003298819 0.563786 0.003463983 0.5637591 0.00298351 0.5647984 0.003463983 0.5637591 0.004175305 0.563664 0.004521369 0.5646723 0.00298351 0.5647984 0.004175305 0.563664 0.004521369 0.5646723 0.004175305 0.563664 0.004793345 0.5636081 0.005979537 0.5646419 0.004793345 0.5636081 0.005076229 0.5635904 0.004521369 0.5646723 0.004793345 0.5636081 0.005979537 0.5646419 0.005979537 0.5646419 0.005076229 0.5635904 0.005399942 0.563576 0.004521369 0.5646723 0.005979537 0.5646419 0.005979537 0.5657769 0.004289031 0.5657719 0.005979537 0.5657769 0.005031347 0.566947 0.004521369 0.5646723 0.005979537 0.5657769 0.004289031 0.5657719 0.004091918 0.5669048 0.005031347 0.566947 0.004949629 0.5681139 0.004289031 0.5657719 0.005031347 0.566947 0.004091918 0.5669048 0.003934204 0.5680475 0.004949629 0.5681139 0.004890024 0.5692649 0.004091918 0.5669048 0.004949629 0.5681139 0.003934204 0.5680475 0.003819108 0.5691758 0.004890024 0.5692649 0.004853725 0.5703752 0.003934204 0.5680475 0.004890024 0.5692649 0.003819108 0.5691758 0.003749072 0.5702665 0.004853725 0.5703752 0.004841506 0.571421 0.003819108 0.5691758 0.004853725 0.5703752 0.003749072 0.5702665 0.003725588 0.5712967 0.004841506 0.571421 0.004853725 0.5723801 0.003749072 0.5702665 0.004841506 0.571421 0.003725588 0.5712967 0.003819108 0.5730914 0.004853725 0.5723801 0.004890024 0.5732318 0.003749072 0.5722449 0.004853725 0.5723801 0.003819108 0.5730914 0.003725588 0.5712967 0.004853725 0.5723801 0.003749072 0.5722449 0.06945228 0.885242 0.0677812 0.8837445 0.06921607 0.8836512 0.0680586 0.8854222 0.0677812 0.8837445 0.06945228 0.885242 0.07098507 0.8849947 0.06921607 0.8836512 0.07079869 0.8835232 0.06945228 0.885242 0.06921607 0.8836512 0.07098507 0.8849947 0.07262504 0.8846861 0.07079869 0.8835232 0.0724799 0.882038 0.07098507 0.8849947 0.07079869 0.8835232 0.07262504 0.8846861 0.07433795 0.8843221 0.0724799 0.882038 0.07428187 0.882038 0.07262504 0.8846861 0.0724799 0.882038 0.07433795 0.8843221 0.07612383 0.8838961 0.07428187 0.882038 0.07612383 0.8829459 0.07433795 0.8843221 0.07428187 0.882038 0.07612383 0.8838961 0.005076229 0.5753124 0.004793345 0.5752751 0.005399942 0.5753426 0.5754467 0.1320366 0.5741359 0.1320424 0.5741359 0.1310403 0.5748023 0.1329783 0.5741359 0.1321585 0.5741359 0.1320424 0.5754467 0.1320366 0.5748023 0.1329783 0.5741359 0.1320424 0.5754467 0.1320366 0.5741359 0.1310403 0.5751045 0.1304777 0.5760632 0.1310493 0.5751045 0.1304777 0.575139 0.1293579 0.5760632 0.1310493 0.5754467 0.1320366 0.5751045 0.1304777 0.5766388 0.1300377 0.5760632 0.1310493 0.575139 0.1293579 0.5748023 0.1329783 0.5741359 0.133235 0.5741359 0.1321585 0.5748023 0.1329783 0.5741359 0.1338544 0.5741359 0.133235 0.5754687 0.1337727 0.5741359 0.1338544 0.5748023 0.1329783 0.5754687 0.1337727 0.5741359 0.1342376 0.5741359 0.1338544 0.5761024 0.1329421 0.5748023 0.1329783 0.5754467 0.1320366 0.5761024 0.1329421 0.5754687 0.1337727 0.5748023 0.1329783 0.5767004 0.1320562 0.5754467 0.1320366 0.5760632 0.1310493 0.5767004 0.1320562 0.5761024 0.1329421 0.5754467 0.1320366 0.577252 0.1311313 0.5760632 0.1310493 0.5766388 0.1300377 0.577252 0.1311313 0.5767004 0.1320562 0.5760632 0.1310493 0.577747 0.1301841 0.5766388 0.1300377 0.5770701 0.1283147 0.577747 0.1301841 0.577252 0.1311313 0.5766388 0.1300377 0.5781766 0.1292317 0.577747 0.1301841 0.5770701 0.1283147 0.5749582 0.1355424 0.5741359 0.1352091 0.5741359 0.1342376 9.76771e-4 0.5736054 7.22763e-4 0.5733929 0 0.5726764 0.07483559 0.89082 0.07612383 0.8898748 0.07612383 0.8914049 0.5757475 0.1348249 0.5741359 0.1342376 0.5754687 0.1337727 0.5757475 0.1348249 0.5749582 0.1355424 0.5741359 0.1342376 0.5765021 0.1340019 0.5754687 0.1337727 0.5761024 0.1329421 0.5765021 0.1340019 0.5757475 0.1348249 0.5754687 0.1337727 0.577206 0.1330908 0.5761024 0.1329421 0.5767004 0.1320562 0.577206 0.1330908 0.5765021 0.1340019 0.5761024 0.1329421 0.577844 0.1321113 0.5767004 0.1320562 0.577252 0.1311313 0.577844 0.1321113 0.577206 0.1330908 0.5767004 0.1320562 0.5784025 0.1310843 0.577252 0.1311313 0.577747 0.1301841 0.5784025 0.1310843 0.577844 0.1321113 0.577252 0.1311313 0.5788695 0.1300319 0.577747 0.1301841 0.5781766 0.1292317 0.5788695 0.1300319 0.5784025 0.1310843 0.577747 0.1301841 0.5792348 0.1289768 0.5781766 0.1292317 0.577952 0.1278381 0.5792348 0.1289768 0.5788695 0.1300319 0.5781766 0.1292317 0.5794908 0.1279414 0.5792348 0.1289768 0.577952 0.1278381 0.07478278 0.8893408 0.07612383 0.8898748 0.07483559 0.89082 0.00189054 0.5742391 0.001559734 0.5740311 9.76771e-4 0.5736054 0.07478278 0.8893408 0.07612383 0.8884434 0.07612383 0.8898748 0.5758124 0.135785 0.5749582 0.1355424 0.5757475 0.1348249 0.07349747 0.8901018 0.07478278 0.8893408 0.07483559 0.89082 0.576601 0.1351177 0.5757475 0.1348249 0.5765021 0.1340019 0.576601 0.1351177 0.5758124 0.135785 0.5757475 0.1348249 0.5773426 0.1343511 0.5765021 0.1340019 0.577206 0.1330908 0.5773426 0.1343511 0.576601 0.1351177 0.5765021 0.1340019 0.5780231 0.1334997 0.577206 0.1330908 0.577844 0.1321113 0.5780231 0.1334997 0.5773426 0.1343511 0.577206 0.1330908 0.5786297 0.1325798 0.577844 0.1321113 0.5784025 0.1310843 0.5786297 0.1325798 0.5780231 0.1334997 0.577844 0.1321113 0.5795761 0.1306053 0.5784025 0.1310843 0.5788695 0.1300319 0.5791507 0.1316089 0.5786297 0.1325798 0.5784025 0.1310843 0.5795761 0.1306053 0.5791507 0.1316089 0.5784025 0.1310843 0.5798981 0.1295885 0.5788695 0.1300319 0.5792348 0.1289768 0.5798981 0.1295885 0.5795761 0.1306053 0.5788695 0.1300319 0.5801103 0.1285776 0.5792348 0.1289768 0.5794908 0.1279414 0.5801103 0.1285776 0.5798981 0.1295885 0.5792348 0.1289768 0.00131762 0.565059 8.31886e-4 0.5660447 3.73342e-4 0.5654086 0.07448542 0.8867311 0.07612383 0.8884434 0.07478278 0.8893408 0.00272119 0.5746697 0.002430438 0.5745329 0.00189054 0.5742391 0.07448542 0.8867311 0.07612383 0.8871421 0.07612383 0.8884434 0.07326704 0.8887042 0.07478278 0.8893408 0.07349747 0.8901018 0.07326704 0.8887042 0.07448542 0.8867311 0.07478278 0.8893408 0.07192099 0.8893013 0.07349747 0.8901018 0.07226228 0.8907092 0.07192099 0.8893013 0.07326704 0.8887042 0.07349747 0.8901018 0.5776268 0.1351401 0.576601 0.1351177 0.5773426 0.1343511 0.07065534 0.8897596 0.07192099 0.8893013 0.07226228 0.8907092 0.5783679 0.1343432 0.5773426 0.1343511 0.5780231 0.1334997 0.5783679 0.1343432 0.5776268 0.1351401 0.5773426 0.1343511 0.5790281 0.1334612 0.5780231 0.1334997 0.5786297 0.1325798 0.5790281 0.1334612 0.5783679 0.1343432 0.5780231 0.1334997 0.5795946 0.1325111 0.5786297 0.1325798 0.5791507 0.1316089 0.5795946 0.1325111 0.5790281 0.1334612 0.5786297 0.1325798 0.5800567 0.1315112 0.5791507 0.1316089 0.5795761 0.1306053 0.5800567 0.1315112 0.5795946 0.1325111 0.5791507 0.1316089 0.001050293 0.5679476 1.61753e-4 0.5680726 4.44127e-4 0.5670557 0.001050293 0.5679476 8.52187e-4 0.5689784 1.61753e-4 0.5680726 0.001342773 0.5669056 4.44127e-4 0.5670557 8.31886e-4 0.5660447 0.001342773 0.5669056 0.001050293 0.5679476 4.44127e-4 0.5670557 0.001723945 0.5658725 8.31886e-4 0.5660447 0.00131762 0.565059 0.001723945 0.5658725 0.001342773 0.5669056 8.31886e-4 0.5660447 0.00298351 0.5647984 0.001723945 0.5658725 0.00131762 0.565059 0.003463983 0.5749577 0.003298819 0.5749009 0.00272119 0.5746697 0.07448542 0.8867311 0.07612383 0.8859785 0.07612383 0.8871421 0.07138669 0.8879431 0.07326704 0.8887042 0.07192099 0.8893013 0.06997328 0.8883651 0.07192099 0.8893013 0.07065534 0.8897596 0.06997328 0.8883651 0.07138669 0.8879431 0.07192099 0.8893013 0.06869179 0.8886517 0.07065534 0.8897596 0.06949436 0.8900699 0.06869179 0.8886517 0.06997328 0.8883651 0.07065534 0.8897596 0.001665115 0.571305 8.52187e-4 0.5718104 7.52157e-4 0.5709285 0.001665115 0.571305 0.001757562 0.572226 8.52187e-4 0.5718104 0.001665115 0.571305 7.52157e-4 0.5709285 7.52157e-4 0.5699785 0.001665115 0.5702997 7.52157e-4 0.5699785 8.52187e-4 0.5689784 0.001665115 0.5702997 0.001665115 0.571305 7.52157e-4 0.5699785 0.001757562 0.5692317 8.52187e-4 0.5689784 0.001050293 0.5679476 0.001757562 0.5692317 0.001665115 0.5702997 8.52187e-4 0.5689784 0.001940429 0.5681236 0.001050293 0.5679476 0.001342773 0.5669056 0.001940429 0.5681236 0.001757562 0.5692317 0.001050293 0.5679476 0.002209842 0.5669993 0.001342773 0.5669056 0.001723945 0.5658725 0.002209842 0.5669993 0.001940429 0.5681236 0.001342773 0.5669056 0.07448542 0.8867311 0.07612383 0.8848642 0.07612383 0.8859785 0.07285481 0.8859957 0.07448542 0.8867311 0.07326704 0.8887042 0.07130354 0.8864332 0.07326704 0.8887042 0.07138669 0.8879431 0.07130354 0.8864332 0.07285481 0.8859957 0.07326704 0.8887042 0.06984847 0.8867828 0.07138669 0.8879431 0.06997328 0.8883651 0.06984847 0.8867828 0.07130354 0.8864332 0.07138669 0.8879431 0.06851881 0.8870377 0.06997328 0.8883651 0.06869179 0.8886517 0.06851881 0.8870377 0.06984847 0.8867828 0.06997328 0.8883651 0.002688825 0.5720232 0.001757562 0.572226 0.001665115 0.571305 0.002688825 0.5720232 0.002787768 0.5728614 0.001757562 0.572226 0.002655625 0.5710921 0.001665115 0.571305 0.001665115 0.5702997 0.002655625 0.5710921 0.002688825 0.5720232 0.001665115 0.571305 0.002688825 0.5700866 0.001665115 0.5702997 0.001757562 0.5692317 0.002688825 0.5700866 0.002655625 0.5710921 0.001665115 0.5702997 0.002787768 0.5690268 0.001757562 0.5692317 0.001940429 0.5681236 0.002787768 0.5690268 0.002688825 0.5700866 0.001757562 0.5692317 0.002950489 0.5679338 0.001940429 0.5681236 0.002209842 0.5669993 0.002950489 0.5679338 0.002787768 0.5690268 0.001940429 0.5681236 0.003173708 0.5668294 0.002209842 0.5669993 0.001723945 0.5658725 0.003173708 0.5668294 0.002950489 0.5679338 0.002209842 0.5669993 0.003453016 0.5657358 0.001723945 0.5658725 0.00298351 0.5647984 0.003453016 0.5657358 0.003173708 0.5668294 0.001723945 0.5658725 0.07433795 0.8843221 0.07612383 0.8848642 0.07448542 0.8867311 0.07433795 0.8843221 0.07612383 0.8838961 0.07612383 0.8848642 0.07262504 0.8846861 0.07448542 0.8867311 0.07285481 0.8859957 0.07262504 0.8846861 0.07433795 0.8843221 0.07448542 0.8867311 0.07098507 0.8849947 0.07285481 0.8859957 0.07130354 0.8864332 0.07098507 0.8849947 0.07262504 0.8846861 0.07285481 0.8859957 0.06945228 0.885242 0.07130354 0.8864332 0.06984847 0.8867828 0.06945228 0.885242 0.07098507 0.8849947 0.07130354 0.8864332 0.0680586 0.8854222 0.06984847 0.8867828 0.06851881 0.8870377 0.0680586 0.8854222 0.06945228 0.885242 0.06984847 0.8867828 0.003749072 0.5722449 0.002787768 0.5728614 0.002688825 0.5720232 0.003749072 0.5722449 0.003819108 0.5730914 0.002787768 0.5728614 0.003749072 0.5722449 0.002688825 0.5720232 0.002655625 0.5710921 0.003725588 0.5712967 0.002655625 0.5710921 0.002688825 0.5700866 0.003725588 0.5712967 0.003749072 0.5722449 0.002655625 0.5710921 0.003749072 0.5702665 0.002688825 0.5700866 0.002787768 0.5690268 0.003749072 0.5702665 0.003725588 0.5712967 0.002688825 0.5700866 0.003819108 0.5691758 0.002787768 0.5690268 0.002950489 0.5679338 0.003819108 0.5691758 0.003749072 0.5702665 0.002787768 0.5690268 0.003934204 0.5680475 0.002950489 0.5679338 0.003173708 0.5668294 0.003934204 0.5680475 0.003819108 0.5691758 0.002950489 0.5679338 0.004091918 0.5669048 0.003173708 0.5668294 0.003453016 0.5657358 0.004091918 0.5669048 0.003934204 0.5680475 0.003173708 0.5668294 0.004289031 0.5657719 0.003453016 0.5657358 0.00298351 0.5647984 0.004289031 0.5657719 0.004091918 0.5669048 0.003453016 0.5657358 0.004521369 0.5646723 0.004289031 0.5657719 0.00298351 0.5647984 0.07098567 0.696353 0.07135897 0.696336 0.07193499 0.697402 0.07136708 0.5883852 0.07135897 0.696336 0.07098567 0.696353 0.07048314 0.6974335 0.07193499 0.697402 0.07193499 0.6985371 0.07075548 0.6963677 0.07098567 0.696353 0.07193499 0.697402 0.07048314 0.6974335 0.07075548 0.6963677 0.07193499 0.697402 0.07025182 0.6985333 0.07193499 0.6985371 0.07099509 0.69971 0.07025182 0.6985333 0.07048314 0.6974335 0.07193499 0.6985371 0.0700556 0.6996663 0.07099509 0.69971 0.0709142 0.7008764 0.0700556 0.6996663 0.07025182 0.6985333 0.07099509 0.69971 0.0698986 0.7008089 0.0709142 0.7008764 0.07085514 0.7020268 0.0698986 0.7008089 0.0700556 0.6996663 0.0709142 0.7008764 0.06978404 0.7019374 0.07085514 0.7020268 0.07081919 0.7031365 0.06978404 0.7019374 0.0698986 0.7008089 0.07085514 0.7020268 0.0697143 0.7030281 0.07081919 0.7031365 0.07080715 0.7041819 0.0697143 0.7030281 0.06978404 0.7019374 0.07081919 0.7031365 0.06969088 0.7040582 0.07080715 0.7041819 0.07081919 0.7051405 0.06969088 0.7040582 0.0697143 0.7030281 0.07080715 0.7041819 0.06978404 0.7058529 0.07081919 0.7051405 0.07085514 0.7059918 0.0697143 0.7050065 0.06969088 0.7040582 0.07081919 0.7051405 0.06978404 0.7058529 0.0697143 0.7050065 0.07081919 0.7051405 0.9301492 0.7849012 0.9318199 0.7863997 0.9303859 0.7864922 0.9301492 0.7849012 0.9315432 0.7847217 0.9318199 0.7863997 0.9286164 0.7851472 0.9303859 0.7864922 0.928804 0.7866189 0.9286164 0.7851472 0.9301492 0.7849012 0.9303859 0.7864922 0.9269761 0.7854546 0.928804 0.7866189 0.9271179 0.7880912 0.9269761 0.7854546 0.9286164 0.7851472 0.928804 0.7866189 0.9252627 0.785817 0.9271179 0.7880912 0.9253162 0.7880912 0.9252627 0.785817 0.9269761 0.7854546 0.9271179 0.7880912 0.9234741 0.7862436 0.9253162 0.7880912 0.9234741 0.7871889 0.9234741 0.7862436 0.9252627 0.785817 0.9253162 0.7880912 0.07098567 0.7080672 0.07075548 0.7080363 0.07135897 0.7081029 0.07612383 0.7866041 0.9234741 0.7866043 0.9234741 0.7871889 0.07612383 0.7866041 0.9234741 0.7871889 0.07612383 0.7871889 0.07080161 0.588414 0.07098567 0.696353 0.07075548 0.6963677 0.07080161 0.588414 0.07136708 0.5883852 0.07098567 0.696353 0.07004565 0.6964338 0.07075548 0.6963677 0.07048314 0.6974335 0.07024139 0.5884618 0.07075548 0.6963677 0.07004565 0.6964338 0.07024139 0.5884618 0.07080161 0.588414 0.07075548 0.6963677 0.06891423 0.7006974 0.0698986 0.7008089 0.06978404 0.7019374 0.06891423 0.7006974 0.0700556 0.6996663 0.0698986 0.7008089 0.06875211 0.70179 0.06978404 0.7019374 0.0697143 0.7030281 0.06875211 0.70179 0.06891423 0.7006974 0.06978404 0.7019374 0.06865352 0.7028493 0.0697143 0.7030281 0.06969088 0.7040582 0.06865352 0.7028493 0.06875211 0.70179 0.0697143 0.7030281 0.06862044 0.7038544 0.06969088 0.7040582 0.0697143 0.7050065 0.06862044 0.7038544 0.06865352 0.7028493 0.06969088 0.7040582 0.06875211 0.7056229 0.0697143 0.7050065 0.06978404 0.7058529 0.06865352 0.7047852 0.06862044 0.7038544 0.0697143 0.7050065 0.06875211 0.7056229 0.06865352 0.7047852 0.0697143 0.7050065 0.9297567 0.7833592 0.9315432 0.7847217 0.9301492 0.7849012 0.9297567 0.7833592 0.931086 0.7831052 0.9315432 0.7847217 0.9286164 0.7851472 0.9297567 0.7833592 0.9301492 0.7849012 0.9234741 0.785242 0.9252627 0.785817 0.9234741 0.7862436 0.07612383 0.7862436 0.9234741 0.7862436 0.9234741 0.7866043 0.07612383 0.7851315 0.9234741 0.785242 0.9234741 0.7862436 0.07612383 0.7851315 0.9234741 0.7862436 0.07612383 0.7862436 0.07612383 0.7862436 0.9234741 0.7866043 0.07612383 0.7866041 0.06894356 0.6975637 0.07048314 0.6974335 0.07025182 0.6985333 0.06941992 0.6965191 0.07004565 0.6964338 0.07048314 0.6974335 0.06894356 0.6975637 0.06941992 0.6965191 0.07048314 0.6974335 0.06852138 0.6986481 0.07025182 0.6985333 0.0700556 0.6996663 0.06852138 0.6986481 0.06894356 0.6975637 0.07025182 0.6985333 0.06817227 0.6997641 0.0700556 0.6996663 0.06891423 0.7006974 0.06817227 0.6997641 0.06852138 0.6986481 0.0700556 0.6996663 0.06790363 0.7008879 0.06891423 0.7006974 0.06875211 0.70179 0.06790363 0.7008879 0.06817227 0.6997641 0.06891423 0.7006974 0.0677213 0.7019954 0.06875211 0.70179 0.06865352 0.7028493 0.0677213 0.7019954 0.06790363 0.7008879 0.06875211 0.70179 0.06762915 0.703063 0.06865352 0.7028493 0.06862044 0.7038544 0.06762915 0.703063 0.0677213 0.7019954 0.06865352 0.7028493 0.06762915 0.7040677 0.06862044 0.7038544 0.06865352 0.7047852 0.06762915 0.7040677 0.06762915 0.703063 0.06862044 0.7038544 0.0677213 0.7049881 0.06865352 0.7047852 0.06875211 0.7056229 0.0677213 0.7049881 0.06762915 0.7040677 0.06865352 0.7047852 0.9296335 0.7817761 0.931086 0.7831052 0.9297567 0.7833592 0.9296335 0.7817761 0.9309145 0.7814904 0.931086 0.7831052 0.9282207 0.7821969 0.9297567 0.7833592 0.9286164 0.7851472 0.9282207 0.7821969 0.9296335 0.7817761 0.9297567 0.7833592 0.9267063 0.7827438 0.9286164 0.7851472 0.9269761 0.7854546 0.9267063 0.7827438 0.9282207 0.7821969 0.9286164 0.7851472 0.9251227 0.7834052 0.9269761 0.7854546 0.9252627 0.785817 0.9251227 0.7834052 0.9267063 0.7827438 0.9269761 0.7854546 0.9234741 0.7841514 0.9252627 0.785817 0.9234741 0.785242 0.9234741 0.7841514 0.9251227 0.7834052 0.9252627 0.785817 0.06968927 0.5885286 0.07004565 0.6964338 0.06941992 0.6965191 0.06968927 0.5885286 0.07024139 0.5884618 0.07004565 0.6964338 0.06913685 0.6965665 0.06941992 0.6965191 0.06894356 0.6975637 0.069148 0.5886139 0.06941992 0.6965191 0.06913685 0.6965665 0.069148 0.5886139 0.06968927 0.5885286 0.06941992 0.6965191 0.06867843 0.6966557 0.06913685 0.6965665 0.06894356 0.6975637 0.06768584 0.6986352 0.06852138 0.6986481 0.06817227 0.6997641 0.06768584 0.6986352 0.06894356 0.6975637 0.06852138 0.6986481 0.06730514 0.6996686 0.06817227 0.6997641 0.06790363 0.7008879 0.06730514 0.6996686 0.06768584 0.6986352 0.06817227 0.6997641 0.06701308 0.7007108 0.06790363 0.7008879 0.0677213 0.7019954 0.06701308 0.7007108 0.06730514 0.6996686 0.06790363 0.7008879 0.06681525 0.7017418 0.0677213 0.7019954 0.06762915 0.703063 0.06681525 0.7017418 0.06701308 0.7007108 0.0677213 0.7019954 0.06671535 0.702742 0.06762915 0.703063 0.06762915 0.7040677 0.06671535 0.702742 0.06681525 0.7017418 0.06762915 0.703063 0.06681525 0.7045739 0.06762915 0.7040677 0.0677213 0.7049881 0.06671535 0.7036921 0.06671535 0.702742 0.06762915 0.7040677 0.06681525 0.7045739 0.06671535 0.7036921 0.06762915 0.7040677 0.928951 0.7803811 0.9309145 0.7814904 0.9296335 0.7817761 0.928951 0.7803811 0.9301124 0.7800711 0.9309145 0.7814904 0.9276847 0.7808385 0.9296335 0.7817761 0.9282207 0.7821969 0.9276847 0.7808385 0.928951 0.7803811 0.9296335 0.7817761 0.926338 0.781435 0.9282207 0.7821969 0.9267063 0.7827438 0.926338 0.781435 0.9276847 0.7808385 0.9282207 0.7821969 0.9251227 0.7834052 0.926338 0.781435 0.9267063 0.7827438 0.9234741 0.7829899 0.9251227 0.7834052 0.9234741 0.7841514 0.07612383 0.7841514 0.9234741 0.7841514 0.9234741 0.785242 0.06913691 0.7076182 0.06867843 0.7074305 0.06941992 0.7077179 0.07612383 0.783708 0.9234741 0.783708 0.9234741 0.7841514 0.07612383 0.783708 0.9234741 0.7841514 0.07612383 0.7841514 0.07612383 0.7841514 0.9234741 0.785242 0.07612383 0.7851315 0.069148 0.5886139 0.06913685 0.6965665 0.06867843 0.6966557 0.06824809 0.6967543 0.06867843 0.6966557 0.06894356 0.6975637 0.06862026 0.5887176 0.06867843 0.6966557 0.06824809 0.6967543 0.06862026 0.5887176 0.069148 0.5886139 0.06867843 0.6966557 0.06728053 0.6978182 0.06894356 0.6975637 0.06768584 0.6986352 0.06785303 0.6968587 0.06824809 0.6967543 0.06894356 0.6975637 0.06728053 0.6978182 0.06785303 0.6968587 0.06894356 0.6975637 0.06679451 0.698805 0.06768584 0.6986352 0.06730514 0.6996686 0.06679451 0.698805 0.06728053 0.6978182 0.06768584 0.6986352 0.06640654 0.6998169 0.06730514 0.6996686 0.06701308 0.7007108 0.06640654 0.6998169 0.06679451 0.698805 0.06730514 0.6996686 0.06612402 0.7008349 0.06701308 0.7007108 0.06681525 0.7017418 0.06612402 0.7008349 0.06640654 0.6998169 0.06701308 0.7007108 0.9734675 0.4236979 0.9742473 0.4236138 0.9738491 0.424476 0.9734675 0.4236979 0.9738344 0.422832 0.9742473 0.4236138 0.9730181 0.4245356 0.9738491 0.424476 0.9733607 0.4252951 0.9730181 0.4245356 0.9734675 0.4236979 0.9738491 0.424476 0.9724947 0.4253292 0.9733607 0.4252951 0.9727915 0.4260553 0.9724947 0.4253292 0.9730181 0.4245356 0.9733607 0.4252951 0.9719073 0.4260636 0.9727915 0.4260553 0.9721524 0.4267422 0.9719073 0.4260636 0.9724947 0.4253292 0.9727915 0.4260553 0.9273424 0.779431 0.928951 0.7803811 0.9276847 0.7808385 0.971267 0.4267247 0.9719073 0.4260636 0.9721524 0.4267422 0.9261051 0.7800387 0.9276847 0.7808385 0.926338 0.781435 0.9261051 0.7800387 0.9273424 0.779431 0.9276847 0.7808385 0.9248179 0.7808 0.926338 0.781435 0.9251227 0.7834052 0.9248179 0.7808 0.9261051 0.7800387 0.926338 0.781435 0.9234741 0.7816969 0.9251227 0.7834052 0.9234741 0.7829899 0.9234741 0.7816969 0.9248179 0.7808 0.9251227 0.7834052 0.07612383 0.7829899 0.9234741 0.7829899 0.9234741 0.783708 0.06824809 0.7072231 0.06785303 0.7070034 0.06867843 0.7074305 0.07612383 0.7823157 0.9234741 0.7823157 0.9234741 0.7829899 0.07612383 0.7823157 0.9234741 0.7829899 0.07612383 0.7829899 0.07612383 0.7829899 0.9234741 0.783708 0.07612383 0.783708 0.06810897 0.5888389 0.06824809 0.6967543 0.06785303 0.6968587 0.06810897 0.5888389 0.06862026 0.5887176 0.06824809 0.6967543 0.06737172 0.6970059 0.06785303 0.6968587 0.06728053 0.6978182 0.06761717 0.5889774 0.06785303 0.6968587 0.06737172 0.6970059 0.06761717 0.5889774 0.06810897 0.5888389 0.06785303 0.6968587 0.0663352 0.6981689 0.06728053 0.6978182 0.06679451 0.698805 0.0669372 0.6971601 0.06737172 0.6970059 0.06728053 0.6978182 0.0663352 0.6981689 0.0669372 0.6971601 0.06728053 0.6978182 0.9735404 0.4214273 0.9742941 0.421082 0.9741117 0.4219545 0.9735404 0.4214273 0.9737605 0.4205338 0.9742941 0.421082 0.9732257 0.4223379 0.9741117 0.4219545 0.9738344 0.422832 0.9732257 0.4223379 0.9735404 0.4214273 0.9741117 0.4219545 0.9728231 0.423246 0.9738344 0.422832 0.9734675 0.4236979 0.9728231 0.423246 0.9732257 0.4223379 0.9738344 0.422832 0.9728231 0.423246 0.9734675 0.4236979 0.9730181 0.4245356 0.9723414 0.4241321 0.9730181 0.4245356 0.9724947 0.4253292 0.9723414 0.4241321 0.9728231 0.423246 0.9730181 0.4245356 0.9717908 0.4249772 0.9724947 0.4253292 0.9719073 0.4260636 0.9717908 0.4249772 0.9723414 0.4241321 0.9724947 0.4253292 0.9711833 0.425763 0.9719073 0.4260636 0.971267 0.4267247 0.9711833 0.425763 0.9717908 0.4249772 0.9719073 0.4260636 0.9705318 0.4264728 0.971267 0.4267247 0.9705862 0.4272999 0.9705318 0.4264728 0.9711833 0.425763 0.971267 0.4267247 0.9247679 0.7793192 0.9261051 0.7800387 0.9248179 0.7808 0.9698502 0.4270912 0.9705318 0.4264728 0.9705862 0.4272999 0.9234741 0.7802622 0.9248179 0.7808 0.9234741 0.7816969 0.9234741 0.7802622 0.9247679 0.7793192 0.9248179 0.7808 0.07612383 0.7816969 0.9234741 0.7816969 0.9234741 0.7823157 0.06737172 0.7066938 0.0669372 0.7063695 0.06785303 0.7070034 0.07612383 0.7809429 0.9234741 0.7809429 0.9234741 0.7816969 0.07612383 0.7809429 0.9234741 0.7816969 0.07612383 0.7816969 0.07612383 0.7816969 0.9234741 0.7823157 0.07612383 0.7823157 0.06761717 0.5889774 0.06737172 0.6970059 0.0669372 0.6971601 0.06654441 0.6973197 0.0669372 0.6971601 0.0663352 0.6981689 0.06681555 0.5892568 0.0669372 0.6971601 0.06654441 0.6973197 0.06681555 0.5892568 0.06761717 0.5889774 0.0669372 0.6971601 0.9729355 0.4208373 0.9737605 0.4205338 0.9735404 0.4214273 0.9731692 0.4200441 0.9736177 0.4198017 0.9737605 0.4205338 0.9729355 0.4208373 0.9731692 0.4200441 0.9737605 0.4205338 0.9726287 0.4216486 0.9735404 0.4214273 0.9732257 0.4223379 0.9726287 0.4216486 0.9729355 0.4208373 0.9735404 0.4214273 0.9722586 0.4224702 0.9732257 0.4223379 0.9728231 0.423246 0.9722586 0.4224702 0.9726287 0.4216486 0.9732257 0.4223379 0.9718317 0.4232874 0.9728231 0.423246 0.9723414 0.4241321 0.9718317 0.4232874 0.9722586 0.4224702 0.9728231 0.423246 0.971356 0.4240852 0.9723414 0.4241321 0.9717908 0.4249772 0.971356 0.4240852 0.9718317 0.4232874 0.9723414 0.4241321 0.9708399 0.4248492 0.9717908 0.4249772 0.9711833 0.425763 0.9708399 0.4248492 0.971356 0.4240852 0.9717908 0.4249772 0.970293 0.4255655 0.9711833 0.425763 0.9705318 0.4264728 0.970293 0.4255655 0.9708399 0.4248492 0.9711833 0.425763 0.9697251 0.426221 0.9705318 0.4264728 0.9698502 0.4270912 0.9697251 0.426221 0.970293 0.4255655 0.9705318 0.4264728 0.9234741 0.7787321 0.9247679 0.7793192 0.9234741 0.7802622 0.9691384 0.4268037 0.9697251 0.426221 0.9698502 0.4270912 0.07612383 0.7802622 0.9234741 0.7802622 0.9234741 0.7809429 0.06654441 0.7060336 0.0659604 0.7054421 0.0669372 0.7063695 0.07612383 0.7796468 0.9234741 0.7796468 0.9234741 0.7802622 0.07612383 0.7796468 0.9234741 0.7802622 0.07612383 0.7802622 0.07612383 0.7802622 0.9234741 0.7809429 0.07612383 0.7809429 0.9234415 0.3266833 0.9736177 0.4198017 0.9731692 0.4200441 0.0667026 0.5893023 0.06681555 0.5892568 0.06654441 0.6973197 0.9730191 0.4201253 0.9731692 0.4200441 0.9729355 0.4208373 0.9228297 0.3270139 0.9731692 0.4200441 0.9730191 0.4201253 0.9228297 0.3270139 0.9234415 0.3266833 0.9731692 0.4200441 0.9723366 0.4204939 0.9729355 0.4208373 0.9726287 0.4216486 0.9723366 0.4204939 0.9730191 0.4201253 0.9729355 0.4208373 0.9715931 0.4208957 0.9726287 0.4216486 0.9722586 0.4224702 0.9721497 0.4205949 0.9723366 0.4204939 0.9726287 0.4216486 0.9715931 0.4208957 0.9721497 0.4205949 0.9726287 0.4216486 0.9713055 0.4223408 0.9722586 0.4224702 0.9718317 0.4232874 0.9713055 0.4223408 0.9715931 0.4208957 0.9722586 0.4224702 0.9708072 0.4232172 0.9718317 0.4232874 0.971356 0.4240852 0.9708072 0.4232172 0.9713055 0.4223408 0.9718317 0.4232874 0.9702729 0.4240723 0.971356 0.4240852 0.9708399 0.4248492 0.9702729 0.4240723 0.9708072 0.4232172 0.971356 0.4240852 0.9691384 0.4250122 0.9708399 0.4248492 0.970293 0.4255655 0.9691384 0.4250122 0.9702729 0.4240723 0.9708399 0.4248492 0.9691384 0.4256449 0.970293 0.4255655 0.9697251 0.426221 0.9691384 0.4256449 0.9691384 0.4250122 0.970293 0.4255655 0.9691384 0.426633 0.9697251 0.426221 0.9691384 0.4268037 0.9691384 0.4258575 0.9691384 0.4256449 0.9697251 0.426221 0.9691384 0.426633 0.9691384 0.4258575 0.9697251 0.426221 0.502827 0.4268037 0.9691384 0.4268037 0.9691384 0.4273136 0.502827 0.426633 0.9691384 0.426633 0.9691384 0.4268037 0.502827 0.426633 0.9691384 0.4268037 0.502827 0.4268037 0.502827 0.4268037 0.9691384 0.4273136 0.502827 0.4273136 0.9221367 0.3273883 0.9730191 0.4201253 0.9723366 0.4204939 0.9221367 0.3273883 0.9228297 0.3270139 0.9730191 0.4201253 0.9220099 0.3274568 0.9723366 0.4204939 0.9721497 0.4205949 0.9220099 0.3274568 0.9221367 0.3273883 0.9723366 0.4204939 0.9213768 0.3277989 0.9721497 0.4205949 0.9715931 0.4208957 0.9213768 0.3277989 0.9220099 0.3274568 0.9721497 0.4205949 0.9707774 0.4213365 0.9715931 0.4208957 0.9713055 0.4223408 0.9699773 0.4217688 0.9713055 0.4223408 0.9708072 0.4232172 0.9699773 0.4217688 0.9707774 0.4213365 0.9713055 0.4223408 0.969981 0.4227245 0.9708072 0.4232172 0.9702729 0.4240723 0.969981 0.4227245 0.9699773 0.4217688 0.9708072 0.4232172 0.9691384 0.4241114 0.9702729 0.4240723 0.9691384 0.4250122 0.9691384 0.4231757 0.969981 0.4227245 0.9702729 0.4240723 0.9691384 0.4241114 0.9691384 0.4231757 0.9702729 0.4240723 0.502827 0.4256449 0.9691384 0.4256449 0.9691384 0.4258575 0.502827 0.4250122 0.9691384 0.4250122 0.9691384 0.4256449 0.502827 0.4250122 0.9691384 0.4256449 0.502827 0.4256449 0.502827 0.4258575 0.9691384 0.4258575 0.9691384 0.426633 0.502827 0.4256449 0.9691384 0.4258575 0.502827 0.4258575 0.502827 0.4258575 0.9691384 0.426633 0.502827 0.426633 0.9205654 0.3282373 0.9715931 0.4208957 0.9707774 0.4213365 0.9205654 0.3282373 0.9213768 0.3277989 0.9715931 0.4208957 0.9204468 0.3283014 0.9707774 0.4213365 0.9699773 0.4217688 0.9204468 0.3283014 0.9205654 0.3282373 0.9707774 0.4213365 0.502827 0.4231757 0.9691384 0.4231757 0.9691384 0.4241114 0.502827 0.4231757 0.9691384 0.4241114 0.502827 0.424085 0.502827 0.4250122 0.9691384 0.4241114 0.9691384 0.4250122 0.502827 0.424085 0.9691384 0.4241114 0.502827 0.4250122 0.9197192 0.3286945 0.9204468 0.3283014 0.9699773 0.4217688 0.9188555 0.3291612 0.9197192 0.3286945 0.9699773 0.4217688 0.07099419 0.5875241 0.07136708 0.5883852 0.07080161 0.588414 0.07099419 0.5875241 0.07080161 0.588414 0.07024139 0.5884618 0.07006883 0.587679 0.07024139 0.5884618 0.06968927 0.5885286 0.07006883 0.587679 0.07099419 0.5875241 0.07024139 0.5884618 0.06917423 0.5879343 0.06968927 0.5885286 0.069148 0.5886139 0.06917423 0.5879343 0.07006883 0.587679 0.06968927 0.5885286 0.06917423 0.5879343 0.069148 0.5886139 0.06862026 0.5887176 0.06832492 0.5882859 0.06862026 0.5887176 0.06810897 0.5888389 0.06832492 0.5882859 0.06917423 0.5879343 0.06862026 0.5887176 0.06832492 0.5882859 0.06810897 0.5888389 0.06761717 0.5889774 0.9230773 0.3256652 0.9235143 0.3266439 0.9234415 0.3266833 0.06708616 0.5881214 0.06761717 0.5889774 0.06681555 0.5892568 0.9227625 0.3261932 0.9234415 0.3266833 0.9228297 0.3270139 0.9227625 0.3261932 0.9230773 0.3256652 0.9234415 0.3266833 0.9224044 0.3267936 0.9228297 0.3270139 0.9221367 0.3273883 0.9224044 0.3267936 0.9227625 0.3261932 0.9228297 0.3270139 0.9224044 0.3267936 0.9221367 0.3273883 0.9220099 0.3274568 0.9213219 0.326836 0.9220099 0.3274568 0.9213768 0.3277989 0.9213219 0.326836 0.9224044 0.3267936 0.9220099 0.3274568 0.9208957 0.3275507 0.9213768 0.3277989 0.9205654 0.3282373 0.9208957 0.3275507 0.9213219 0.326836 0.9213768 0.3277989 0.9208957 0.3275507 0.9205654 0.3282373 0.9204468 0.3283014 0.9198543 0.3274915 0.9208957 0.3275507 0.9204468 0.3283014 0.9197192 0.3286945 0.9198543 0.3274915 0.9204468 0.3283014 0.9188555 0.3281794 0.9197192 0.3286945 0.9188555 0.3291612 0.07088935 0.5867085 0.07099419 0.5875241 0.07006883 0.587679 0.06986308 0.586891 0.07006883 0.587679 0.06917423 0.5879343 0.06986308 0.586891 0.07088935 0.5867085 0.07006883 0.587679 0.06887513 0.5871913 0.06917423 0.5879343 0.06832492 0.5882859 0.06887513 0.5871913 0.06986308 0.586891 0.06917423 0.5879343 0.06794375 0.587604 0.06832492 0.5882859 0.06761717 0.5889774 0.06794375 0.587604 0.06887513 0.5871913 0.06832492 0.5882859 0.06708616 0.5881214 0.06794375 0.587604 0.06761717 0.5889774 0.4348738 0.3728384 0.4357765 0.3717835 0.4356677 0.3728098 0.4348738 0.3728384 0.4349825 0.3717977 0.4357765 0.3717835 0.4346948 0.3738414 0.4356677 0.3728098 0.4354886 0.3737978 0.4346948 0.3738414 0.4348738 0.3728384 0.4356677 0.3728098 0.4344486 0.3747887 0.4354886 0.3737978 0.4352425 0.3747292 0.4344486 0.3747887 0.4346948 0.3738414 0.4354886 0.3737978 0.0670098 0.5873968 0.06794375 0.587604 0.06708616 0.5881214 0.4341398 0.3756631 0.4344486 0.3747887 0.4352425 0.3747292 0.9220772 0.3255695 0.9230773 0.3256652 0.9227625 0.3261932 0.9220772 0.3255695 0.9223926 0.3250405 0.9230773 0.3256652 0.9217181 0.3261716 0.9227625 0.3261932 0.9224044 0.3267936 0.9217181 0.3261716 0.9220772 0.3255695 0.9227625 0.3261932 0.9213219 0.326836 0.9217181 0.3261716 0.9224044 0.3267936 0.4340932 0.3718754 0.4349825 0.3717977 0.4348738 0.3728384 0.4339691 0.3729898 0.4348738 0.3728384 0.4346948 0.3738414 0.4339691 0.3729898 0.4340932 0.3718754 0.4348738 0.3728384 0.4337651 0.3740584 0.4346948 0.3738414 0.4344486 0.3747887 0.4337651 0.3740584 0.4339691 0.3729898 0.4346948 0.3738414 0.4334853 0.3750594 0.4344486 0.3747887 0.4341398 0.3756631 0.4334853 0.3750594 0.4337651 0.3740584 0.4344486 0.3747887 0.9215268 0.3246869 0.9223926 0.3250405 0.9220772 0.3255695 0.4331354 0.3759726 0.4334853 0.3750594 0.4341398 0.3756631 0.9211709 0.3252838 0.9220772 0.3255695 0.9217181 0.3261716 0.9211709 0.3252838 0.9215268 0.3246869 0.9220772 0.3255695 0.9207678 0.3259596 0.9217181 0.3261716 0.9213219 0.326836 0.9207678 0.3259596 0.9211709 0.3252838 0.9217181 0.3261716 0.9203261 0.3267004 0.9213219 0.326836 0.9208957 0.3275507 0.9203261 0.3267004 0.9207678 0.3259596 0.9213219 0.326836 0.9198543 0.3274915 0.9203261 0.3267004 0.9208957 0.3275507 0.4330312 0.3728408 0.4340932 0.3718754 0.4339691 0.3729898 0.4330312 0.3728408 0.4331401 0.3717989 0.4340932 0.3718754 0.4328517 0.3738449 0.4339691 0.3729898 0.4337651 0.3740584 0.4328517 0.3738449 0.4330312 0.3728408 0.4339691 0.3729898 0.4326051 0.374793 0.4337651 0.3740584 0.4334853 0.3750594 0.4326051 0.374793 0.4328517 0.3738449 0.4337651 0.3740584 0.4322956 0.375668 0.4334853 0.3750594 0.4331354 0.3759726 0.4322956 0.375668 0.4326051 0.374793 0.4334853 0.3750594 0.9204867 0.3246254 0.9215268 0.3246869 0.9211709 0.3252838 0.4319289 0.3764543 0.4322956 0.375668 0.4331354 0.3759726 0.920127 0.3252287 0.9211709 0.3252838 0.9207678 0.3259596 0.920127 0.3252287 0.9204867 0.3246254 0.9211709 0.3252838 0.9197301 0.3258943 0.9207678 0.3259596 0.9203261 0.3267004 0.9197301 0.3258943 0.920127 0.3252287 0.9207678 0.3259596 0.9193031 0.3266102 0.9203261 0.3267004 0.9198543 0.3274915 0.9193031 0.3266102 0.9197301 0.3258943 0.9203261 0.3267004 0.9188555 0.3273632 0.9198543 0.3274915 0.9197192 0.3286945 0.9188555 0.3273632 0.9193031 0.3266102 0.9198543 0.3274915 0.9188555 0.3281794 0.9188555 0.3273632 0.9197192 0.3286945 0.4321251 0.3717853 0.4331401 0.3717989 0.4330312 0.3728408 0.432016 0.3728132 0.4330312 0.3728408 0.4328517 0.3738449 0.432016 0.3728132 0.4321251 0.3717853 0.4330312 0.3728408 0.4318363 0.3738026 0.4328517 0.3738449 0.4326051 0.374793 0.4318363 0.3738026 0.432016 0.3728132 0.4328517 0.3738449 0.4315895 0.3747352 0.4326051 0.374793 0.4322956 0.375668 0.4315895 0.3747352 0.4318363 0.3738026 0.4326051 0.374793 0.43128 0.3755938 0.4322956 0.375668 0.4319289 0.3764543 0.43128 0.3755938 0.4315895 0.3747352 0.4322956 0.375668 0.9196116 0.3243199 0.9204867 0.3246254 0.920127 0.3252287 0.4309138 0.3763622 0.43128 0.3755938 0.4319289 0.3764543 0.9192527 0.3249218 0.920127 0.3252287 0.9197301 0.3258943 0.9192527 0.3249218 0.9196116 0.3243199 0.920127 0.3252287 0.9188555 0.325586 0.9197301 0.3258943 0.9193031 0.3266102 0.9188555 0.325586 0.9192527 0.3249218 0.9197301 0.3258943 0.9188555 0.3272176 0.9193031 0.3266102 0.9188555 0.3273632 0.9188555 0.3262954 0.9188555 0.325586 0.9193031 0.3266102 0.9188555 0.3272176 0.9188555 0.3262954 0.9193031 0.3266102 0.5531099 0.3273524 0.9188555 0.3273632 0.9188555 0.3281794 0.5531099 0.3272176 0.9188555 0.3272176 0.9188555 0.3273632 0.5531099 0.3273524 0.5531099 0.3272176 0.9188555 0.3273632 0.5531099 0.3281794 0.5531099 0.3273524 0.9188555 0.3281794 0.4309842 0.3726106 0.4321251 0.3717853 0.432016 0.3728132 0.4309842 0.3726106 0.4310772 0.3716821 0.4321251 0.3717853 0.4308309 0.3735082 0.432016 0.3728132 0.4318363 0.3738026 0.4308309 0.3735082 0.4309842 0.3726106 0.432016 0.3728132 0.4306199 0.3743599 0.4318363 0.3738026 0.4315895 0.3747352 0.4306199 0.3743599 0.4308309 0.3735082 0.4318363 0.3738026 0.4300366 0.3750557 0.4315895 0.3747352 0.43128 0.3755938 0.4300366 0.3750557 0.4306199 0.3743599 0.4315895 0.3747352 0.4300366 0.3758722 0.43128 0.3755938 0.4309138 0.3763622 0.4300366 0.3758722 0.4300366 0.3750557 0.43128 0.3755938 0.9188555 0.324644 0.9196116 0.3243199 0.9192527 0.3249218 0.4300366 0.3759703 0.4300366 0.3758722 0.4309138 0.3763622 0.4300366 0.3767781 0.4300366 0.3759703 0.4309138 0.3763622 0.9188555 0.3254316 0.9192527 0.3249218 0.9188555 0.325586 0.9188555 0.3254316 0.9188555 0.324644 0.9192527 0.3249218 0.5531099 0.3255757 0.9188555 0.325586 0.9188555 0.3262954 0.5531099 0.3254316 0.9188555 0.3254316 0.9188555 0.325586 0.5531099 0.3255757 0.5531099 0.3254316 0.9188555 0.325586 0.5531099 0.3262954 0.9188555 0.3262954 0.9188555 0.3272176 0.5531099 0.3262954 0.5531099 0.3255757 0.9188555 0.3262954 0.5531099 0.3272176 0.5531099 0.3262954 0.9188555 0.3272176 0.4300366 0.3718713 0.4310772 0.3716821 0.4309842 0.3726106 0.4300366 0.3718713 0.4300366 0.3713058 0.4310772 0.3716821 0.4300366 0.3729836 0.4309842 0.3726106 0.4308309 0.3735082 0.4300366 0.3724315 0.4300366 0.3718713 0.4309842 0.3726106 0.4300366 0.3729836 0.4300366 0.3724315 0.4309842 0.3726106 0.4300366 0.3735249 0.4308309 0.3735082 0.4306199 0.3743599 0.4300366 0.3735249 0.4300366 0.3729836 0.4308309 0.3735082 0.4300366 0.3745639 0.4306199 0.3743599 0.4300366 0.3750557 0.4300366 0.3740526 0.4300366 0.3735249 0.4306199 0.3743599 0.4300366 0.3745639 0.4300366 0.3740526 0.4306199 0.3743599 0.005771875 0.3758573 0.4300366 0.3758722 0.4300366 0.3759703 0.005771875 0.3750557 0.4300366 0.3750557 0.4300366 0.3758722 0.005771875 0.3758573 0.005771875 0.3750557 0.4300366 0.3758722 0.005771875 0.3759703 0.4300366 0.3759703 0.4300366 0.3767781 0.005771875 0.3759703 0.005771875 0.3758573 0.4300366 0.3759703 0.5531099 0.324644 0.9188555 0.324644 0.9188555 0.3254316 0.005771875 0.3767781 0.005771875 0.3759703 0.4300366 0.3767781 0.5531099 0.3254316 0.5531099 0.324644 0.9188555 0.3254316 0.005771875 0.3713058 0.4300366 0.3713058 0.4300366 0.3718713 0.005771875 0.3718713 0.4300366 0.3718713 0.4300366 0.3724315 0.005771875 0.3718713 0.005771875 0.3713058 0.4300366 0.3718713 0.005771875 0.3724315 0.4300366 0.3724315 0.4300366 0.3729836 0.005771875 0.3724315 0.005771875 0.3718713 0.4300366 0.3724315 0.005771875 0.3729836 0.4300366 0.3729836 0.4300366 0.3735249 0.005771875 0.3729836 0.005771875 0.3724315 0.4300366 0.3729836 0.005771875 0.3735249 0.4300366 0.3735249 0.4300366 0.3740526 0.005771875 0.3735249 0.005771875 0.3729836 0.4300366 0.3735249 0.005771875 0.3740526 0.4300366 0.3740526 0.4300366 0.3745639 0.005771875 0.3740526 0.005771875 0.3735249 0.4300366 0.3740526 0.005771875 0.3745639 0.4300366 0.3745639 0.4300366 0.3750557 0.005771875 0.3745639 0.005771875 0.3740526 0.4300366 0.3745639 0.005771875 0.3750557 0.005771875 0.3745639 0.4300366 0.3750557 0.004737555 0.3716787 0.005771875 0.3713058 0.005771875 0.3718713 0.004737555 0.3716787 0.005771875 0.3718713 0.005771875 0.3724315 0.004829883 0.372604 0.005771875 0.3724315 0.005771875 0.3729836 0.004829883 0.372604 0.004737555 0.3716787 0.005771875 0.3724315 0.004982173 0.3734987 0.005771875 0.3729836 0.005771875 0.3735249 0.004982173 0.3734987 0.004829883 0.372604 0.005771875 0.3729836 0.004982173 0.3734987 0.005771875 0.3735249 0.005771875 0.3740526 0.005191802 0.374348 0.005771875 0.3740526 0.005771875 0.3745639 0.005191802 0.374348 0.004982173 0.3734987 0.005771875 0.3740526 0.005191802 0.374348 0.005771875 0.3745639 0.005771875 0.3750557 0.004532039 0.3755867 0.005771875 0.3758573 0.005771875 0.3759703 0.004532039 0.3755867 0.005771875 0.3750557 0.005771875 0.3758573 0.004897296 0.3763547 0.005771875 0.3759703 0.005771875 0.3767781 0.004897296 0.3763547 0.004532039 0.3755867 0.005771875 0.3759703 0.552714 0.3249134 0.5531099 0.324644 0.5531099 0.3254316 0.552714 0.3249134 0.5523561 0.324313 0.5531099 0.324644 0.552714 0.3249134 0.5531099 0.3254316 0.5531099 0.3255757 0.5522367 0.3258859 0.5531099 0.3255757 0.5531099 0.3262954 0.5522367 0.3258859 0.552714 0.3249134 0.5531099 0.3255757 0.5526629 0.3266006 0.5531099 0.3262954 0.5531099 0.3272176 0.5526629 0.3266006 0.5522367 0.3258859 0.5531099 0.3262954 0.5526629 0.3266006 0.5531099 0.3272176 0.5531099 0.3273524 0.5521158 0.3274887 0.5526629 0.3266006 0.5531099 0.3273524 0.5531099 0.3281794 0.5521158 0.3274887 0.5531099 0.3273524 0.5522462 0.3286945 0.5531099 0.3281794 0.5531099 0.3291612 0.003689527 0.3717835 0.004737555 0.3716787 0.004829883 0.372604 0.003798305 0.3728098 0.004829883 0.372604 0.004982173 0.3734987 0.003798305 0.3728098 0.003689527 0.3717835 0.004829883 0.372604 0.003977417 0.3737978 0.004982173 0.3734987 0.005191802 0.374348 0.003977417 0.3737978 0.003798305 0.3728098 0.004982173 0.3734987 0.004223525 0.3747292 0.005191802 0.374348 0.005771875 0.3750557 0.004223525 0.3747292 0.003977417 0.3737978 0.005191802 0.374348 0.004532039 0.3755867 0.004223525 0.3747292 0.005771875 0.3750557 0.002783 0.3728384 0.003689527 0.3717835 0.003798305 0.3728098 0.002783 0.3728384 0.002674221 0.3717977 0.003689527 0.3717835 0.002961993 0.3738414 0.003798305 0.3728098 0.003977417 0.3737978 0.002961993 0.3738414 0.002783 0.3728384 0.003798305 0.3728098 0.00320816 0.3747887 0.003977417 0.3737978 0.004223525 0.3747292 0.00320816 0.3747887 0.002961993 0.3738414 0.003977417 0.3737978 0.003516972 0.3756631 0.004223525 0.3747292 0.004532039 0.3755867 0.003516972 0.3756631 0.00320816 0.3747887 0.004223525 0.3747292 0.003882944 0.376449 0.004532039 0.3755867 0.004897296 0.3763547 0.003882944 0.376449 0.003516972 0.3756631 0.004532039 0.3755867 0.5518407 0.3252215 0.5523561 0.324313 0.552714 0.3249134 0.5518407 0.3252215 0.5514815 0.3246194 0.5523561 0.324313 0.5522367 0.3258859 0.5518407 0.3252215 0.552714 0.3249134 0.001720845 0.3718754 0.002674221 0.3717977 0.002783 0.3728384 0.001844942 0.3729898 0.002783 0.3728384 0.002961993 0.3738414 0.001844942 0.3729898 0.001720845 0.3718754 0.002783 0.3728384 0.002048969 0.3740584 0.002961993 0.3738414 0.00320816 0.3747887 0.002048969 0.3740584 0.001844942 0.3729898 0.002961993 0.3738414 0.002328813 0.3750594 0.00320816 0.3747887 0.003516972 0.3756631 0.002328813 0.3750594 0.002048969 0.3740584 0.00320816 0.3747887 0.002678692 0.3759726 0.003516972 0.3756631 0.003882944 0.376449 0.002678692 0.3759726 0.002328813 0.3750594 0.003516972 0.3756631 0.5507993 0.3252809 0.5514815 0.3246194 0.5518407 0.3252215 0.5507993 0.3252809 0.5504435 0.3246841 0.5514815 0.3246194 0.5512023 0.3259567 0.5518407 0.3252215 0.5522367 0.3258859 0.5512023 0.3259567 0.5507993 0.3252809 0.5518407 0.3252215 0.5516441 0.3266976 0.5522367 0.3258859 0.5526629 0.3266006 0.5516441 0.3266976 0.5512023 0.3259567 0.5522367 0.3258859 0.5521158 0.3274887 0.5516441 0.3266976 0.5526629 0.3266006 9.40131e-4 0.3728408 0.001720845 0.3718754 0.001844942 0.3729898 9.40131e-4 0.3728408 8.31164e-4 0.3717989 0.001720845 0.3718754 0.001119554 0.3738449 0.001844942 0.3729898 0.002048969 0.3740584 0.001119554 0.3738449 9.40131e-4 0.3728408 0.001844942 0.3729898 0.001366257 0.374793 0.002048969 0.3740584 0.002328813 0.3750594 0.001366257 0.374793 0.001119554 0.3738449 0.002048969 0.3740584 0.001675665 0.375668 0.002328813 0.3750594 0.002678692 0.3759726 0.001675665 0.375668 0.001366257 0.374793 0.002328813 0.3750594 0.5498949 0.3255698 0.5504435 0.3246841 0.5507993 0.3252809 0.5498949 0.3255698 0.5495788 0.3250397 0.5504435 0.3246841 0.5502546 0.3261732 0.5507993 0.3252809 0.5512023 0.3259567 0.5502546 0.3261732 0.5498949 0.3255698 0.5507993 0.3252809 0.5506515 0.3268387 0.5512023 0.3259567 0.5516441 0.3266976 0.5506515 0.3268387 0.5502546 0.3261732 0.5512023 0.3259567 0.5510785 0.3275546 0.5516441 0.3266976 0.5521158 0.3274887 0.5510785 0.3275546 0.5506515 0.3268387 0.5516441 0.3266976 0.551528 0.3283065 0.5521158 0.3274887 0.5531099 0.3281794 0.551528 0.3283065 0.5510785 0.3275546 0.5521158 0.3274887 0.5522462 0.3286945 0.551528 0.3283065 0.5531099 0.3281794 3.66103e-5 0.3717853 8.31164e-4 0.3717989 9.40131e-4 0.3728408 1.45756e-4 0.3728132 9.40131e-4 0.3728408 0.001119554 0.3738449 1.45756e-4 0.3728132 3.66103e-5 0.3717853 9.40131e-4 0.3728408 3.25412e-4 0.3738026 0.001119554 0.3738449 0.001366257 0.374793 3.25412e-4 0.3738026 1.45756e-4 0.3728132 0.001119554 0.3738449 5.72241e-4 0.3747352 0.001366257 0.374793 0.001675665 0.375668 5.72241e-4 0.3747352 3.25412e-4 0.3738026 0.001366257 0.374793 0.5488942 0.325665 0.5495788 0.3250397 0.5498949 0.3255698 0.07080793 0.4553611 0.06994944 0.4548422 0.07088214 0.4546358 0.5492101 0.3261945 0.5498949 0.3255698 0.5502546 0.3261732 0.5492101 0.3261945 0.5488942 0.325665 0.5498949 0.3255698 0.549569 0.3267965 0.5502546 0.3261732 0.5506515 0.3268387 0.549569 0.3267965 0.5492101 0.3261945 0.5502546 0.3261732 0.5499645 0.3274617 0.5506515 0.3268387 0.5510785 0.3275546 0.5499645 0.3274617 0.549569 0.3267965 0.5506515 0.3268387 0.5514 0.3282373 0.5510785 0.3275546 0.551528 0.3283065 0.5505887 0.3277989 0.5499645 0.3274617 0.5510785 0.3275546 0.5514 0.3282373 0.5505887 0.3277989 0.5510785 0.3275546 0.5011881 0.4213365 0.551528 0.3283065 0.5522462 0.3286945 0.5011881 0.4213365 0.5514 0.3282373 0.551528 0.3283065 0.5019881 0.4217688 0.5011881 0.4213365 0.5522462 0.3286945 0.06782478 0.4549151 0.06699943 0.4539439 0.06802737 0.454127 0.06782478 0.4549151 0.06689625 0.4547592 0.06699943 0.4539439 0.06872236 0.4551721 0.06802737 0.454127 0.06901681 0.4544282 0.06872236 0.4551721 0.06782478 0.4549151 0.06802737 0.454127 0.06957405 0.455526 0.06901681 0.4544282 0.06994944 0.4548422 0.06957405 0.455526 0.06872236 0.4551721 0.06901681 0.4544282 0.07026988 0.4562173 0.06994944 0.4548422 0.07080793 0.4553611 0.07026988 0.4562173 0.06957405 0.455526 0.06994944 0.4548422 0.5484605 0.326649 0.5488942 0.325665 0.5492101 0.3261945 0.07108634 0.4565025 0.07026988 0.4562173 0.07080793 0.4553611 0.5491357 0.3270139 0.5492101 0.3261945 0.549569 0.3267965 0.5485238 0.3266833 0.5484605 0.326649 0.5492101 0.3261945 0.5491357 0.3270139 0.5485238 0.3266833 0.5492101 0.3261945 0.5498288 0.3273883 0.549569 0.3267965 0.5499645 0.3274617 0.5498288 0.3273883 0.5491357 0.3270139 0.549569 0.3267965 0.4998158 0.4205949 0.5499645 0.3274617 0.5505887 0.3277989 0.4996287 0.4204939 0.5498288 0.3273883 0.5499645 0.3274617 0.4998158 0.4205949 0.4996287 0.4204939 0.5499645 0.3274617 0.5003724 0.4208957 0.5505887 0.3277989 0.5514 0.3282373 0.5003724 0.4208957 0.4998158 0.4205949 0.5505887 0.3277989 0.5011881 0.4213365 0.5003724 0.4208957 0.5514 0.3282373 0.06708544 0.4556538 0.06689625 0.4547592 0.06782478 0.4549151 0.06708544 0.4556538 0.06651997 0.4556251 0.06689625 0.4547592 0.06819778 0.4557685 0.06782478 0.4549151 0.06872236 0.4551721 0.06764566 0.4557017 0.06708544 0.4556538 0.06782478 0.4549151 0.06819778 0.4557685 0.06764566 0.4557017 0.06782478 0.4549151 0.06873905 0.4558538 0.06872236 0.4551721 0.06957405 0.455526 0.06873905 0.4558538 0.06819778 0.4557685 0.06872236 0.4551721 0.06977808 0.4560788 0.06957405 0.455526 0.07026988 0.4562173 0.06926679 0.4559574 0.06873905 0.4558538 0.06957405 0.455526 0.06977808 0.4560788 0.06926679 0.4559574 0.06957405 0.455526 0.07094985 0.5644 0.07108634 0.4565025 0.07118445 0.4565422 0.07051533 0.5642458 0.07026988 0.4562173 0.07108634 0.4565025 0.07094985 0.5644 0.07051533 0.5642458 0.07108634 0.4565025 0.4983476 0.4198017 0.5485238 0.3266833 0.5491357 0.3270139 0.07134264 0.5645596 0.07094985 0.5644 0.07118445 0.4565422 0.4989464 0.4201252 0.5491357 0.3270139 0.5498288 0.3273883 0.4987962 0.4200441 0.4983476 0.4198017 0.5491357 0.3270139 0.4989464 0.4201252 0.4987962 0.4200441 0.5491357 0.3270139 0.4996287 0.4204939 0.4989464 0.4201252 0.5498288 0.3273883 0.06652808 0.5635759 0.06651997 0.4556251 0.06708544 0.4556538 0.06713157 0.5636076 0.06708544 0.4556538 0.06764566 0.4557017 0.06690132 0.5635929 0.06652808 0.5635759 0.06708544 0.4556538 0.06713157 0.5636076 0.06690132 0.5635929 0.06708544 0.4556538 0.06784141 0.5636737 0.06764566 0.4557017 0.06819778 0.4557685 0.06784141 0.5636737 0.06713157 0.5636076 0.06764566 0.4557017 0.06846714 0.563759 0.06819778 0.4557685 0.06873905 0.4558538 0.06846714 0.563759 0.06784141 0.5636737 0.06819778 0.4557685 0.06875014 0.5638064 0.06873905 0.4558538 0.06926679 0.4559574 0.06875014 0.5638064 0.06846714 0.563759 0.06873905 0.4558538 0.06963896 0.5639942 0.06926679 0.4559574 0.06977808 0.4560788 0.06920862 0.5638956 0.06875014 0.5638064 0.06926679 0.4559574 0.06963896 0.5639942 0.06920862 0.5638956 0.06926679 0.4559574 0.07003402 0.5640987 0.06977808 0.4560788 0.07026988 0.4562173 0.07003402 0.5640987 0.06963896 0.5639942 0.06977808 0.4560788 0.07051533 0.5642458 0.07003402 0.5640987 0.07026988 0.4562173 0.06522399 0.7862436 0.06513202 0.7871889 0.06518131 0.7866043 0.06595206 0.5646419 0.06652808 0.5635759 0.06713157 0.5636076 0.06740391 0.5646734 0.06713157 0.5636076 0.06784141 0.5636737 0.06740391 0.5646734 0.06595206 0.5646419 0.06713157 0.5636076 0.06740391 0.5646734 0.06784141 0.5636737 0.06846714 0.563759 0.06605869 0.7829899 0.06566268 0.7841514 0.06580018 0.783708 0.0689435 0.5648036 0.06846714 0.563759 0.06920862 0.5638956 0.0689435 0.5648036 0.06740391 0.5646734 0.06846714 0.563759 0.06664746 0.7816969 0.06605869 0.7829899 0.06634473 0.7823157 0.0689435 0.5648036 0.06920862 0.5638956 0.07003402 0.5640987 0.06752115 0.7802622 0.06664746 0.7816969 0.06707412 0.7809429 0.07060652 0.5650581 0.07003402 0.5640987 0.07094985 0.5644 0.07060652 0.5650581 0.0689435 0.5648036 0.07003402 0.5640987 0.06879919 0.7787321 0.06752115 0.7802622 0.06798404 0.7796468 0.4982048 0.4205338 0.4980928 0.4196641 0.4987962 0.4200441 0.07155179 0.5654088 0.07060652 0.5650581 0.07094985 0.5644 0.4990299 0.4208373 0.4987962 0.4200441 0.4989464 0.4201252 0.4990299 0.4208373 0.4982048 0.4205338 0.4987962 0.4200441 0.4990299 0.4208373 0.4989464 0.4201252 0.4996287 0.4204939 0.4990299 0.4208373 0.4996287 0.4204939 0.4998158 0.4205949 0.4990299 0.4208373 0.4998158 0.4205949 0.4993367 0.4216486 0.5003724 0.4208957 0.4993367 0.4216486 0.4998158 0.4205949 0.5003724 0.4208957 0.5011881 0.4213365 0.5006599 0.4223408 0.5019881 0.4217688 0.5006599 0.4223408 0.5011881 0.4213365 0.07612383 0.7866041 0.07612383 0.7871889 0.07428187 0.7880912 0.07433515 0.785817 0.07428187 0.7880912 0.0724799 0.7880912 0.07612383 0.7862436 0.07612383 0.7866041 0.07428187 0.7880912 0.07433515 0.785817 0.07612383 0.7862436 0.07428187 0.7880912 0.07262194 0.7854546 0.0724799 0.7880912 0.07079392 0.7866189 0.07262194 0.7854546 0.07433515 0.785817 0.0724799 0.7880912 0.07098162 0.7851472 0.07079392 0.7866189 0.06921213 0.7864922 0.07098162 0.7851472 0.07262194 0.7854546 0.07079392 0.7866189 0.06944864 0.7849012 0.06921213 0.7864922 0.06777817 0.7863997 0.06944864 0.7849012 0.07098162 0.7851472 0.06921213 0.7864922 0.06810301 0.5730928 0.06703191 0.5732317 0.06706786 0.5723804 0.06805485 0.7847217 0.06944864 0.7849012 0.06777817 0.7863997 0.06817275 0.5722463 0.06706786 0.5723804 0.0670799 0.5714218 0.06817275 0.5722463 0.06810301 0.5730928 0.06706786 0.5723804 0.06819611 0.5712982 0.0670799 0.5714218 0.06706786 0.5703765 0.06819611 0.5712982 0.06817275 0.5722463 0.0670799 0.5714218 0.06810301 0.5691773 0.06706786 0.5703765 0.06703191 0.5692667 0.06817275 0.570268 0.06819611 0.5712982 0.06706786 0.5703765 0.06810301 0.5691773 0.06817275 0.570268 0.06706786 0.5703765 0.06798845 0.5680489 0.06703191 0.5692667 0.06697285 0.5681162 0.06798845 0.5680489 0.06810301 0.5691773 0.06703191 0.5692667 0.06783145 0.5669062 0.06697285 0.5681162 0.06689196 0.5669498 0.06783145 0.5669062 0.06798845 0.5680489 0.06697285 0.5681162 0.06763523 0.5657732 0.06689196 0.5669498 0.06595206 0.5657769 0.06763523 0.5657732 0.06783145 0.5669062 0.06689196 0.5669498 0.06740391 0.5646734 0.06595206 0.5657769 0.06595206 0.5646419 0.06740391 0.5646734 0.06763523 0.5657732 0.06595206 0.5657769 0.07612383 0.7851315 0.07612383 0.7862436 0.07433515 0.785817 0.06984126 0.7833592 0.06944864 0.7849012 0.06805485 0.7847217 0.06984126 0.7833592 0.07098162 0.7851472 0.06944864 0.7849012 0.06913495 0.5728627 0.06810301 0.5730928 0.06817275 0.5722463 0.06851208 0.7831052 0.06984126 0.7833592 0.06805485 0.7847217 0.06923353 0.572025 0.06817275 0.5722463 0.06819611 0.5712982 0.06923353 0.572025 0.06913495 0.5728627 0.06817275 0.5722463 0.06926661 0.5710943 0.06819611 0.5712982 0.06817275 0.570268 0.06926661 0.5710943 0.06923353 0.572025 0.06819611 0.5712982 0.06913495 0.5690299 0.06817275 0.570268 0.06810301 0.5691773 0.06923353 0.5700893 0.06926661 0.5710943 0.06817275 0.570268 0.06913495 0.5690299 0.06923353 0.5700893 0.06817275 0.570268 0.06897282 0.5679373 0.06810301 0.5691773 0.06798845 0.5680489 0.06897282 0.5679373 0.06913495 0.5690299 0.06810301 0.5691773 0.06783145 0.5669062 0.06897282 0.5679373 0.06798845 0.5680489 0.07447534 0.7834052 0.07433515 0.785817 0.07262194 0.7854546 0.07612383 0.7841514 0.07612383 0.7851315 0.07433515 0.785817 0.07447534 0.7834052 0.07612383 0.7841514 0.07433515 0.785817 0.07289177 0.7827438 0.07262194 0.7854546 0.07098162 0.7851472 0.07289177 0.7827438 0.07447534 0.7834052 0.07262194 0.7854546 0.07137733 0.7821969 0.07098162 0.7851472 0.06984126 0.7833592 0.07137733 0.7821969 0.07289177 0.7827438 0.07098162 0.7851472 0.06996446 0.7817761 0.06984126 0.7833592 0.06851208 0.7831052 0.06996446 0.7817761 0.07137733 0.7821969 0.06984126 0.7833592 0.07016575 0.572228 0.06913495 0.5728627 0.06923353 0.572025 0.06868344 0.7814904 0.06996446 0.7817761 0.06851208 0.7831052 0.0702579 0.5713077 0.06923353 0.572025 0.06926661 0.5710943 0.0702579 0.5713077 0.07016575 0.572228 0.06923353 0.572025 0.0702579 0.5703028 0.06926661 0.5710943 0.06923353 0.5700893 0.0702579 0.5703028 0.0702579 0.5713077 0.06926661 0.5710943 0.07016575 0.5692354 0.06923353 0.5700893 0.06913495 0.5690299 0.07016575 0.5692354 0.0702579 0.5703028 0.06923353 0.5700893 0.06998342 0.5681278 0.06913495 0.5690299 0.06897282 0.5679373 0.06998342 0.5681278 0.07016575 0.5692354 0.06913495 0.5690299 0.06971478 0.567004 0.06897282 0.5679373 0.06783145 0.5669062 0.06971478 0.567004 0.06998342 0.5681278 0.06897282 0.5679373 0.06936568 0.5658879 0.06783145 0.5669062 0.06763523 0.5657732 0.06936568 0.5658879 0.06971478 0.567004 0.06783145 0.5669062 0.0689435 0.5648036 0.06763523 0.5657732 0.06740391 0.5646734 0.0689435 0.5648036 0.06936568 0.5658879 0.06763523 0.5657732 0.07612383 0.783708 0.07612383 0.7841514 0.07447534 0.7834052 0.07612383 0.7829899 0.07612383 0.783708 0.07447534 0.7834052 0.07326006 0.781435 0.07289177 0.7827438 0.07137733 0.7821969 0.07326006 0.781435 0.07447534 0.7834052 0.07289177 0.7827438 0.07191324 0.7808385 0.07137733 0.7821969 0.06996446 0.7817761 0.07191324 0.7808385 0.07326006 0.781435 0.07137733 0.7821969 0.07064694 0.7803811 0.06996446 0.7817761 0.06868344 0.7814904 0.07064694 0.7803811 0.07191324 0.7808385 0.06996446 0.7817761 0.0710718 0.5718139 0.07016575 0.572228 0.0702579 0.5713077 0.0694856 0.7800711 0.07064694 0.7803811 0.06868344 0.7814904 0.0711717 0.570932 0.0702579 0.5713077 0.0702579 0.5703028 0.0711717 0.570932 0.0710718 0.5718139 0.0702579 0.5713077 0.0710718 0.5689817 0.0702579 0.5703028 0.07016575 0.5692354 0.0711717 0.5699819 0.0711717 0.570932 0.0702579 0.5703028 0.0710718 0.5689817 0.0711717 0.5699819 0.0702579 0.5703028 0.07087397 0.5679507 0.07016575 0.5692354 0.06998342 0.5681278 0.07087397 0.5679507 0.0710718 0.5689817 0.07016575 0.5692354 0.07058191 0.5669084 0.06998342 0.5681278 0.06971478 0.567004 0.07058191 0.5669084 0.07087397 0.5679507 0.06998342 0.5681278 0.07020121 0.565875 0.06971478 0.567004 0.06936568 0.5658879 0.07020121 0.565875 0.07058191 0.5669084 0.06971478 0.567004 0.0689435 0.5648036 0.07020121 0.565875 0.06936568 0.5658879 0.07612383 0.7823157 0.07612383 0.7829899 0.07447534 0.7834052 0.07478016 0.7808 0.07447534 0.7834052 0.07326006 0.781435 0.07612383 0.7816969 0.07612383 0.7823157 0.07447534 0.7834052 0.07478016 0.7808 0.07612383 0.7816969 0.07447534 0.7834052 0.07349282 0.7800387 0.07326006 0.781435 0.07191324 0.7808385 0.07349282 0.7800387 0.07478016 0.7808 0.07326006 0.781435 0.07225573 0.779431 0.07191324 0.7808385 0.07064694 0.7803811 0.07225573 0.779431 0.07349282 0.7800387 0.07191324 0.7808385 0.5000582 0.4260636 0.4998131 0.4267422 0.4991739 0.4260553 0.5000582 0.4260636 0.5006984 0.4267247 0.4998131 0.4267422 0.4994707 0.4253292 0.4991739 0.4260553 0.4986047 0.4252951 0.4994707 0.4253292 0.5000582 0.4260636 0.4991739 0.4260553 0.4989473 0.4245356 0.4986047 0.4252951 0.4981163 0.424476 0.4989473 0.4245356 0.4994707 0.4253292 0.4986047 0.4252951 0.4984979 0.4236979 0.4981163 0.424476 0.497718 0.4236138 0.4984979 0.4236979 0.4989473 0.4245356 0.4981163 0.424476 0.07176303 0.5680747 0.0710718 0.5689817 0.07087397 0.5679507 0.4981311 0.422832 0.4984979 0.4236979 0.497718 0.4236138 0.07148051 0.5670568 0.07087397 0.5679507 0.07058191 0.5669084 0.07148051 0.5670568 0.07176303 0.5680747 0.07087397 0.5679507 0.07109254 0.5660448 0.07058191 0.5669084 0.07020121 0.565875 0.07109254 0.5660448 0.07148051 0.5670568 0.07058191 0.5669084 0.07060652 0.5650581 0.07020121 0.565875 0.0689435 0.5648036 0.07060652 0.5650581 0.07109254 0.5660448 0.07020121 0.565875 0.07612383 0.7809429 0.07612383 0.7816969 0.07478016 0.7808 0.07483017 0.7793192 0.07478016 0.7808 0.07349282 0.7800387 0.07612383 0.7802622 0.07612383 0.7809429 0.07478016 0.7808 0.07483017 0.7793192 0.07612383 0.7802622 0.07478016 0.7808 0.5014337 0.4264728 0.5013792 0.4272999 0.5006984 0.4267247 0.5014337 0.4264728 0.5021152 0.4270912 0.5013792 0.4272999 0.5007821 0.425763 0.5006984 0.4267247 0.5000582 0.4260636 0.5007821 0.425763 0.5014337 0.4264728 0.5006984 0.4267247 0.5001746 0.4249772 0.5000582 0.4260636 0.4994707 0.4253292 0.5001746 0.4249772 0.5007821 0.425763 0.5000582 0.4260636 0.5001746 0.4249772 0.4994707 0.4253292 0.4989473 0.4245356 0.499624 0.4241321 0.4989473 0.4245356 0.4984979 0.4236979 0.499624 0.4241321 0.5001746 0.4249772 0.4989473 0.4245356 0.4991422 0.423246 0.4984979 0.4236979 0.4981311 0.422832 0.4991422 0.423246 0.499624 0.4241321 0.4984979 0.4236979 0.4987397 0.4223379 0.4981311 0.422832 0.4978537 0.4219545 0.4987397 0.4223379 0.4991422 0.423246 0.4981311 0.422832 0.4984249 0.4214273 0.4978537 0.4219545 0.4976713 0.421082 0.4984249 0.4214273 0.4987397 0.4223379 0.4978537 0.4219545 0.07155179 0.5654088 0.07109254 0.5660448 0.07060652 0.5650581 0.4982048 0.4205338 0.4984249 0.4214273 0.4976713 0.421082 0.07612383 0.7796468 0.07612383 0.7802622 0.07483017 0.7793192 0.5022402 0.426221 0.5021152 0.4270912 0.5014337 0.4264728 0.502827 0.4268037 0.502827 0.4273136 0.5021152 0.4270912 0.5022402 0.426221 0.502827 0.4268037 0.5021152 0.4270912 0.5016724 0.4255655 0.5014337 0.4264728 0.5007821 0.425763 0.5016724 0.4255655 0.5022402 0.426221 0.5014337 0.4264728 0.5011255 0.4248492 0.5007821 0.425763 0.5001746 0.4249772 0.5011255 0.4248492 0.5016724 0.4255655 0.5007821 0.425763 0.5006095 0.4240852 0.5001746 0.4249772 0.499624 0.4241321 0.5006095 0.4240852 0.5011255 0.4248492 0.5001746 0.4249772 0.5001338 0.4232874 0.499624 0.4241321 0.4991422 0.423246 0.5001338 0.4232874 0.5006095 0.4240852 0.499624 0.4241321 0.4997068 0.4224702 0.4991422 0.423246 0.4987397 0.4223379 0.4997068 0.4224702 0.5001338 0.4232874 0.4991422 0.423246 0.4993367 0.4216486 0.4987397 0.4223379 0.4984249 0.4214273 0.4993367 0.4216486 0.4997068 0.4224702 0.4987397 0.4223379 0.4990299 0.4208373 0.4984249 0.4214273 0.4982048 0.4205338 0.4990299 0.4208373 0.4993367 0.4216486 0.4984249 0.4214273 0.502827 0.426633 0.502827 0.4268037 0.5022402 0.426221 0.502827 0.4258575 0.5022402 0.426221 0.5016724 0.4255655 0.502827 0.4258575 0.502827 0.426633 0.5022402 0.426221 0.502827 0.4250122 0.5016724 0.4255655 0.5011255 0.4248492 0.502827 0.4256449 0.502827 0.4258575 0.5016724 0.4255655 0.502827 0.4250122 0.502827 0.4256449 0.5016724 0.4255655 0.5016925 0.4240723 0.5011255 0.4248492 0.5006095 0.4240852 0.5016925 0.4240723 0.502827 0.4250122 0.5011255 0.4248492 0.5011582 0.4232172 0.5006095 0.4240852 0.5001338 0.4232874 0.5011582 0.4232172 0.5016925 0.4240723 0.5006095 0.4240852 0.5006599 0.4223408 0.5001338 0.4232874 0.4997068 0.4224702 0.5006599 0.4223408 0.5011582 0.4232172 0.5001338 0.4232874 0.5003724 0.4208957 0.4997068 0.4224702 0.4993367 0.4216486 0.5003724 0.4208957 0.5006599 0.4223408 0.4997068 0.4224702 0.502827 0.424085 0.502827 0.4250122 0.5016925 0.4240723 0.502827 0.4231757 0.5016925 0.4240723 0.5011582 0.4232172 0.502827 0.4231757 0.502827 0.424085 0.5016925 0.4240723 0.5019845 0.4227245 0.5011582 0.4232172 0.5006599 0.4223408 0.5019845 0.4227245 0.502827 0.4231757 0.5011582 0.4232172 0.5019881 0.4217688 0.5019845 0.4227245 0.5006599 0.4223408 0.7480392 0.367374 0.7474469 0.3666177 0.7469438 0.3659753</float_array>
          <technique_common>
            <accessor source="#kinect_m-mesh-map-0-array" count="5676" stride="2">
              <param name="S" type="float"/>
              <param name="T" type="float"/>
            </accessor>
          </technique_common>
        </source>
        <vertices id="kinect_m-mesh-vertices">
          <input semantic="POSITION" source="#kinect_m-mesh-positions"/>
        </vertices>
        <lines count="56">
          <input semantic="VERTEX" source="#kinect_m-mesh-vertices" offset="0"/>
          <p>71 992 79 997 81 1025 84 986 88 1019 92 989 97 980 101 1010 105 984 108 1026 115 982 973 66 974 106 975 85 976 117 977 74 978 107 979 101 983 72 985 88 987 73 988 96 990 82 991 114 993 104 994 108 995 83 996 92 998 112 999 102 1000 91 1001 119 1002 113 1003 70 1004 103 1005 97 1006 89 1007 78 1009 105 1011 90 1012 84 1013 69 1014 115 1015 68 1016 76 1017 109 1018 94 1020 77 1021 71 1022 67 1023 100 1027 98 1028 87 1029 81 1030 67 1031 99</p>
        </lines>
        <triangles material="_1_-_Default-material" count="1892">
          <input semantic="VERTEX" source="#kinect_m-mesh-vertices" offset="0"/>
          <input semantic="NORMAL" source="#kinect_m-mesh-normals" offset="1"/>
          <input semantic="TEXCOORD" source="#kinect_m-mesh-map-0" offset="2" set="0"/>
          <p>0 0 0 1 1 1 2 2 2 3 3 3 2 2 4 1 1 5 4 4 6 0 0 7 2 2 8 5 5 9 4 4 10 2 2 11 6 6 12 5 5 13 2 2 14 7 7 15 6 6 16 2 2 17 3 3 18 7 7 19 2 2 20 8 8 21 1 1 22 0 0 23 9 9 24 1 1 25 8 8 26 10 10 27 1 1 28 9 9 29 10 10 30 3 3 31 1 1 32 11 11 33 0 0 34 4 4 35 12 12 36 13 13 37 14 14 38 15 15 39 14 14 40 13 13 41 16 16 42 12 12 43 14 14 44 17 17 45 16 16 46 14 14 47 18 18 48 17 17 49 14 14 50 15 15 51 18 18 52 14 14 53 19 19 54 13 13 55 12 12 56 19 19 57 20 20 58 13 13 59 15 15 60 13 13 61 20 20 62 21 21 63 12 12 64 16 16 65 22 22 66 19 19 67 12 12 68 22 22 69 12 12 70 21 21 71 23 23 72 16 16 73 17 17 74 24 24 75 16 16 76 23 23 77 21 21 78 16 16 79 24 24 80 25 25 81 26 26 82 27 27 83 28 28 84 27 27 85 26 26 86 29 29 87 25 25 88 27 27 89 30 30 90 29 29 91 27 27 92 31 31 93 30 30 94 27 27 95 28 28 96 31 31 97 27 27 98 32 32 99 26 26 100 25 25 101 32 32 102 33 33 103 26 26 104 34 34 105 26 26 106 33 33 107 34 34 108 28 28 109 26 26 110 35 35 111 25 25 112 29 29 113 36 36 114 32 32 115 25 25 116 36 36 117 25 25 118 35 35 119 37 37 120 29 29 121 30 30 122 38 38 123 29 29 124 37 37 125 35 35 126 29 29 127 38 38 128 39 39 129 40 40 130 41 41 131 42 42 132 41 41 133 40 40 134 43 43 135 39 39 136 41 41 137 44 44 138 43 43 139 41 41 140 45 45 141 44 44 142 41 41 143 42 42 144 45 45 145 41 41 146 46 46 147 40 40 148 39 39 149 46 46 150 47 47 151 40 40 152 48 48 153 40 40 154 47 47 155 48 48 156 42 42 157 40 40 158 49 49 159 39 39 160 43 43 161 50 50 162 46 46 163 39 39 164 50 50 165 39 39 166 49 49 167 51 51 168 43 43 169 44 44 170 49 49 171 43 43 172 51 51 173 52 52 174 53 53 175 54 54 176 55 55 177 54 54 178 53 53 179 56 56 180 52 52 181 54 54 182 57 57 183 56 56 184 54 54 185 58 58 186 57 57 187 54 54 188 58 58 189 54 54 190 55 55 191 59 59 192 53 53 193 52 52 194 59 59 195 60 60 196 53 53 197 55 55 198 53 53 199 60 60 200 61 61 201 52 52 202 56 56 203 62 62 204 59 59 205 52 52 206 61 61 207 62 62 208 52 52 209 63 63 210 56 56 211 57 57 212 61 61 213 56 56 214 63 63 215 64 64 216 65 65 217 66 65 218 64 64 219 66 65 220 67 65 221 64 64 222 68 65 223 65 65 224 64 64 225 69 65 226 68 65 227 64 64 228 70 65 229 69 65 230 64 64 231 71 65 232 70 65 233 64 64 234 72 65 235 71 65 236 64 64 237 73 65 238 72 65 239 64 64 240 74 65 241 73 65 242 64 64 243 75 65 244 74 65 245 64 64 246 76 65 247 75 65 248 64 64 249 77 65 250 76 65 251 64 64 252 78 65 253 77 65 254 64 64 255 79 65 256 78 65 257 80 66 258 81 65 259 79 65 260 64 64 261 80 66 262 79 65 263 80 66 264 82 65 265 81 65 266 80 66 267 83 65 268 82 65 269 80 66 270 84 65 271 83 65 272 80 66 273 85 65 274 84 65 275 80 66 276 86 65 277 85 65 278 80 66 279 87 65 280 86 65 281 80 66 282 88 65 283 87 65 284 80 66 285 89 65 286 88 65 287 80 66 288 90 65 289 89 65 290 80 66 291 91 65 292 90 65 293 80 66 294 92 65 295 91 65 296 93 67 297 94 65 298 92 65 299 80 66 300 93 67 301 92 65 302 93 67 303 95 65 304 94 65 305 93 67 306 96 65 307 95 65 308 93 67 309 97 65 310 96 65 311 93 67 312 98 65 313 97 65 314 93 67 315 99 65 316 98 65 317 93 67 318 100 65 319 99 65 320 93 67 321 101 68 322 100 65 323 102 65 324 101 68 325 93 67 326 93 67 327 103 65 328 102 65 329 93 67 330 104 65 331 103 65 332 93 67 333 105 65 334 104 65 335 93 67 336 106 65 337 105 65 338 93 67 339 107 65 340 106 65 341 93 67 342 108 65 343 107 65 344 93 67 345 109 65 346 108 65 347 93 67 348 110 65 349 109 65 350 93 67 351 112 65 352 111 65 353 93 67 354 113 65 355 112 65 356 93 67 357 114 65 358 113 65 359 93 67 360 115 65 361 114 65 362 93 67 363 116 65 364 115 65 365 93 67 366 117 65 367 116 65 368 118 69 369 119 65 370 117 65 371 93 67 372 118 69 373 117 65 374 118 69 375 67 65 376 119 65 377 64 64 378 67 65 379 118 69 380 120 70 381 64 64 382 118 69 383 120 70 384 118 69 385 121 71 386 122 72 387 121 71 388 118 69 389 93 67 390 122 72 391 118 69 392 123 73 393 124 74 394 93 67 395 80 66 396 123 73 397 93 67 398 125 75 399 80 66 400 64 64 401 125 75 402 126 76 403 80 66 404 127 77 405 64 64 406 120 70 407 125 75 408 64 64 409 128 78 410 127 77 411 128 78 412 64 64 413 129 79 414 130 80 415 20 20 416 19 19 417 129 79 418 20 20 419 131 81 420 132 82 421 130 80 422 129 79 423 131 81 424 130 80 425 133 83 426 134 84 427 132 82 428 135 85 429 132 82 430 134 84 431 131 81 432 133 83 433 132 82 434 135 85 435 130 80 436 132 82 437 136 86 438 137 87 439 134 84 440 138 88 441 134 84 442 137 87 443 133 83 444 136 86 445 134 84 446 138 88 447 135 85 448 134 84 449 139 89 450 140 90 451 137 87 452 141 91 453 137 87 454 140 90 455 136 86 456 139 89 457 137 87 458 141 91 459 138 88 460 137 87 461 142 92 462 143 93 463 140 90 464 144 94 465 140 90 466 143 93 467 139 89 468 142 92 469 140 90 470 144 94 471 141 91 472 140 90 473 145 95 474 146 96 475 143 93 476 147 97 477 143 93 478 146 96 479 142 92 480 145 95 481 143 93 482 147 97 483 144 94 484 143 93 485 148 98 486 149 99 487 146 96 488 150 100 489 146 96 490 149 99 491 145 95 492 148 98 493 146 96 494 151 101 495 147 97 496 146 96 497 150 100 498 151 101 499 146 96 500 152 102 501 153 103 502 149 99 503 154 104 504 149 99 505 153 103 506 148 98 507 152 102 508 149 99 509 154 104 510 150 100 511 149 99 512 155 105 513 156 106 514 153 103 515 157 107 516 153 103 517 156 106 518 152 102 519 155 105 520 153 103 521 157 107 522 154 104 523 153 103 524 158 108 525 159 109 526 156 106 527 155 105 528 158 108 529 156 106 530 159 109 531 157 107 532 156 106 533 63 63 534 57 57 535 159 109 536 158 108 537 63 63 538 159 109 539 160 110 540 155 105 541 152 102 542 160 110 543 158 108 544 155 105 545 161 111 546 152 102 547 148 98 548 161 111 549 160 110 550 152 102 551 162 112 552 148 98 553 145 95 554 162 112 555 161 111 556 148 98 557 163 113 558 145 95 559 142 92 560 163 113 561 162 112 562 145 95 563 164 114 564 142 92 565 139 89 566 164 114 567 163 113 568 142 92 569 165 115 570 139 89 571 136 86 572 166 116 573 164 114 574 139 89 575 165 115 576 166 116 577 139 89 578 167 117 579 136 86 580 133 83 581 167 117 582 165 115 583 136 86 584 168 118 585 133 83 586 131 81 587 168 118 588 167 117 589 133 83 590 129 79 591 168 118 592 131 81 593 169 119 594 170 120 595 33 33 596 171 121 597 33 33 598 170 120 599 32 32 600 169 119 601 33 33 602 171 121 603 34 34 604 33 33 605 172 122 606 173 123 607 170 120 608 174 124 609 170 120 610 173 123 611 169 119 612 172 122 613 170 120 614 174 124 615 171 121 616 170 120 617 175 125 618 176 126 619 173 123 620 177 127 621 173 123 622 176 126 623 172 122 624 175 125 625 173 123 626 177 127 627 174 124 628 173 123 629 178 128 630 179 129 631 176 126 632 180 130 633 176 126 634 179 129 635 175 125 636 178 128 637 176 126 638 180 130 639 177 127 640 176 126 641 181 131 642 182 132 643 179 129 644 183 133 645 179 129 646 182 132 647 178 128 648 181 131 649 179 129 650 183 133 651 180 130 652 179 129 653 23 23 654 17 17 655 182 132 656 184 134 657 182 132 658 17 17 659 181 131 660 23 23 661 182 132 662 184 134 663 183 133 664 182 132 665 18 18 666 184 134 667 17 17 668 185 135 669 23 23 670 181 131 671 24 24 672 23 23 673 185 135 674 186 136 675 181 131 676 178 128 677 185 135 678 181 131 679 186 136 680 187 137 681 178 128 682 175 125 683 186 136 684 178 128 685 187 137 686 188 138 687 175 125 688 172 122 689 187 137 690 175 125 691 188 138 692 189 139 693 172 122 694 169 119 695 188 138 696 172 122 697 189 139 698 190 140 699 169 119 700 32 32 701 189 139 702 169 119 703 190 140 704 190 140 705 32 32 706 36 36 707 191 141 708 192 142 709 47 47 710 193 143 711 47 47 712 192 142 713 46 46 714 191 141 715 47 47 716 193 143 717 48 48 718 47 47 719 194 144 720 195 145 721 192 142 722 196 146 723 192 142 724 195 145 725 191 141 726 194 144 727 192 142 728 196 146 729 193 143 730 192 142 731 197 147 732 198 148 733 195 145 734 199 149 735 195 145 736 198 148 737 194 144 738 197 147 739 195 145 740 199 149 741 196 146 742 195 145 743 200 150 744 201 151 745 198 148 746 202 152 747 198 148 748 201 151 749 197 147 750 200 150 751 198 148 752 202 152 753 199 149 754 198 148 755 203 153 756 204 154 757 201 151 758 205 155 759 201 151 760 204 154 761 200 150 762 203 153 763 201 151 764 205 155 765 202 152 766 201 151 767 37 37 768 30 30 769 204 154 770 206 156 771 204 154 772 30 30 773 203 153 774 37 37 775 204 154 776 206 156 777 205 155 778 204 154 779 31 31 780 206 156 781 30 30 782 207 157 783 37 37 784 203 153 785 38 38 786 37 37 787 207 157 788 208 158 789 203 153 790 200 150 791 207 157 792 203 153 793 208 158 794 209 159 795 200 150 796 197 147 797 208 158 798 200 150 799 209 159 800 210 160 801 197 147 802 194 144 803 209 159 804 197 147 805 210 160 806 211 161 807 194 144 808 191 141 809 210 160 810 194 144 811 211 161 812 212 162 813 191 141 814 46 46 815 211 161 816 191 141 817 212 162 818 212 162 819 46 46 820 50 50 821 213 163 822 214 164 823 60 60 824 59 59 825 213 163 826 60 60 827 215 165 828 216 166 829 214 164 830 213 163 831 215 165 832 214 164 833 217 167 834 218 168 835 216 166 836 219 169 837 216 166 838 218 168 839 215 165 840 217 167 841 216 166 842 219 169 843 214 164 844 216 166 845 220 170 846 221 171 847 218 168 848 222 172 849 218 168 850 221 171 851 217 167 852 220 170 853 218 168 854 222 172 855 219 169 856 218 168 857 223 173 858 224 174 859 221 171 860 225 175 861 221 171 862 224 174 863 220 170 864 223 173 865 221 171 866 225 175 867 222 172 868 221 171 869 226 176 870 227 177 871 224 174 872 228 178 873 224 174 874 227 177 875 223 173 876 226 176 877 224 174 878 228 178 879 225 175 880 224 174 881 229 179 882 230 180 883 227 177 884 231 181 885 227 177 886 230 180 887 226 176 888 229 179 889 227 177 890 231 181 891 228 178 892 227 177 893 232 182 894 233 183 895 230 180 896 234 184 897 230 180 898 233 183 899 229 179 900 232 182 901 230 180 902 235 185 903 231 181 904 230 180 905 234 184 906 235 185 907 230 180 908 236 186 909 237 187 910 233 183 911 238 188 912 233 183 913 237 187 914 232 182 915 236 186 916 233 183 917 238 188 918 234 184 919 233 183 920 239 189 921 240 190 922 237 187 923 241 191 924 237 187 925 240 190 926 236 186 927 239 189 928 237 187 929 241 191 930 238 188 931 237 187 932 242 192 933 243 193 934 240 190 935 239 189 936 242 192 937 240 190 938 243 193 939 241 191 940 240 190 941 51 51 942 44 44 943 243 193 944 242 192 945 51 51 946 243 193 947 244 194 948 239 189 949 236 186 950 244 194 951 242 192 952 239 189 953 245 195 954 236 186 955 232 182 956 245 195 957 244 194 958 236 186 959 246 196 960 232 182 961 229 179 962 246 196 963 245 195 964 232 182 965 247 197 966 229 179 967 226 176 968 247 197 969 246 196 970 229 179 971 248 198 972 226 176 973 223 173 974 248 198 975 247 197 976 226 176 977 249 199 978 223 173 979 220 170 980 250 200 981 248 198 982 223 173 983 249 199 984 250 200 985 223 173 986 251 201 987 220 170 988 217 167 989 251 201 990 249 199 991 220 170 992 252 202 993 217 167 994 215 165 995 252 202 996 251 201 997 217 167 998 213 163 999 252 202 1000 215 165 1001 253 203 1002 55 55 1003 60 60 1004 58 58 1005 55 55 1006 253 203 1007 254 204 1008 60 60 1009 214 164 1010 255 205 1011 60 60 1012 254 204 1013 253 203 1014 60 60 1015 255 205 1016 256 206 1017 214 164 1018 219 169 1019 254 204 1020 214 164 1021 256 206 1022 257 207 1023 219 169 1024 222 172 1025 256 206 1026 219 169 1027 257 207 1028 258 208 1029 222 172 1030 225 175 1031 257 207 1032 222 172 1033 258 208 1034 259 209 1035 225 175 1036 228 178 1037 258 208 1038 225 175 1039 259 209 1040 260 210 1041 228 178 1042 231 181 1043 259 209 1044 228 178 1045 260 210 1046 261 211 1047 231 181 1048 235 185 1049 260 210 1050 231 181 1051 261 211 1052 262 212 1053 235 185 1054 234 184 1055 263 213 1056 235 185 1057 262 212 1058 261 211 1059 235 185 1060 263 213 1061 264 214 1062 234 184 1063 238 188 1064 262 212 1065 234 184 1066 264 214 1067 265 215 1068 238 188 1069 241 191 1070 264 214 1071 238 188 1072 265 215 1073 266 216 1074 241 191 1075 243 193 1076 265 215 1077 241 191 1078 266 216 1079 267 217 1080 243 193 1081 44 44 1082 266 216 1083 243 193 1084 267 217 1085 268 218 1086 44 44 1087 45 45 1088 267 217 1089 44 44 1090 268 218 1091 269 219 1092 268 219 1093 45 219 1094 270 220 1095 269 221 1096 45 45 1097 42 42 1098 270 220 1099 45 45 1100 272 222 1101 5 5 1102 271 223 1103 273 224 1104 4 4 1105 5 5 1106 272 222 1107 273 224 1108 5 5 1109 274 225 1110 271 223 1111 5 5 1112 275 226 1113 276 227 1114 271 223 1115 277 228 1116 271 223 1117 276 227 1118 274 225 1119 275 226 1120 271 223 1121 277 228 1122 272 222 1123 271 223 1124 274 225 1125 5 5 1126 6 6 1127 278 229 1128 6 6 1129 7 7 1130 278 229 1131 274 225 1132 6 6 1133 280 230 1134 7 7 1135 279 231 1136 280 230 1137 278 229 1138 7 7 1139 281 232 1140 279 231 1141 7 7 1142 280 230 1143 279 231 1144 282 233 1145 283 234 1146 282 233 1147 279 231 1148 283 234 1149 279 231 1150 281 232 1151 281 232 1152 7 7 1153 3 3 1154 284 235 1155 280 230 1156 282 233 1157 285 236 1158 284 235 1159 282 233 1160 285 236 1161 282 233 1162 283 234 1163 275 226 1164 286 237 1165 276 227 1166 287 238 1167 276 227 1168 286 237 1169 287 238 1170 277 228 1171 276 227 1172 275 226 1173 288 239 1174 286 237 1175 287 238 1176 286 237 1177 288 239 1178 289 240 1179 288 239 1180 275 226 1181 291 241 1182 288 239 1183 290 242 1184 289 240 1185 290 242 1186 288 239 1187 291 241 1188 287 238 1189 288 239 1190 292 243 1191 275 226 1192 274 225 1193 292 243 1194 289 240 1195 275 226 1196 293 244 1197 274 225 1198 278 229 1199 293 244 1200 292 243 1201 274 225 1202 294 245 1203 278 229 1204 280 230 1205 294 245 1206 293 244 1207 278 229 1208 295 246 1209 280 230 1210 284 235 1211 295 246 1212 294 245 1213 280 230 1214 297 247 1215 284 235 1216 296 248 1217 297 247 1218 295 246 1219 284 235 1220 298 249 1221 296 248 1222 284 235 1223 299 250 1224 296 248 1225 300 251 1226 301 252 1227 300 251 1228 296 248 1229 299 250 1230 297 247 1231 296 248 1232 301 252 1233 296 248 1234 298 249 1235 298 249 1236 284 235 1237 285 236 1238 302 253 1239 299 250 1240 300 251 1241 303 254 1242 302 253 1243 300 251 1244 303 254 1245 300 251 1246 301 252 1247 304 255 1248 290 242 1249 305 256 1250 306 257 1251 291 241 1252 290 242 1253 304 255 1254 306 257 1255 290 242 1256 307 258 1257 305 256 1258 290 242 1259 308 259 1260 309 259 1261 305 259 1262 304 255 1263 305 256 1264 309 260 1265 307 258 1266 308 261 1267 305 256 1268 310 262 1269 290 242 1270 289 240 1271 310 262 1272 307 258 1273 290 242 1274 311 263 1275 289 240 1276 292 243 1277 311 263 1278 310 262 1279 289 240 1280 312 264 1281 292 243 1282 293 244 1283 312 264 1284 311 263 1285 292 243 1286 313 265 1287 293 244 1288 294 245 1289 313 265 1290 312 264 1291 293 244 1292 314 266 1293 294 245 1294 295 246 1295 314 266 1296 313 265 1297 294 245 1298 315 267 1299 295 246 1300 297 247 1301 315 267 1302 314 266 1303 295 246 1304 316 268 1305 297 247 1306 299 250 1307 316 268 1308 315 267 1309 297 247 1310 317 269 1311 299 250 1312 302 253 1313 317 269 1314 316 268 1315 299 250 1316 317 269 1317 302 253 1318 318 270 1319 319 271 1320 318 270 1321 302 253 1322 319 271 1323 302 253 1324 303 254 1325 320 272 1326 317 269 1327 318 270 1328 321 273 1329 320 272 1330 318 270 1331 321 273 1332 318 270 1333 319 271 1334 322 274 1335 309 260 1336 308 261 1337 322 274 1338 304 255 1339 309 260 1340 323 275 1341 308 261 1342 307 258 1343 324 276 1344 325 276 1345 308 276 1346 326 277 1347 308 261 1348 325 278 1349 323 275 1350 324 279 1351 308 261 1352 326 277 1353 322 274 1354 308 261 1355 327 280 1356 307 258 1357 310 262 1358 327 280 1359 323 275 1360 307 258 1361 328 281 1362 310 262 1363 311 263 1364 328 281 1365 327 280 1366 310 262 1367 329 282 1368 311 263 1369 312 264 1370 329 282 1371 328 281 1372 311 263 1373 330 283 1374 312 264 1375 313 265 1376 330 283 1377 329 282 1378 312 264 1379 331 284 1380 313 265 1381 314 266 1382 331 284 1383 330 283 1384 313 265 1385 332 285 1386 314 266 1387 315 267 1388 333 286 1389 331 284 1390 314 266 1391 332 285 1392 333 286 1393 314 266 1394 334 287 1395 315 267 1396 316 268 1397 334 287 1398 332 285 1399 315 267 1400 335 288 1401 316 268 1402 317 269 1403 335 288 1404 334 287 1405 316 268 1406 336 289 1407 317 269 1408 320 272 1409 336 289 1410 335 288 1411 317 269 1412 336 289 1413 320 272 1414 337 290 1415 338 291 1416 337 290 1417 320 272 1418 338 291 1419 320 272 1420 321 273 1421 339 292 1422 336 289 1423 337 290 1424 340 293 1425 339 292 1426 337 290 1427 340 293 1428 337 290 1429 338 291 1430 341 294 1431 325 278 1432 324 279 1433 341 294 1434 326 277 1435 325 278 1436 360 295 1437 324 279 1438 323 275 1439 342 296 1440 343 296 1441 324 296 1442 344 297 1443 324 279 1444 343 298 1445 360 295 1446 342 299 1447 324 279 1448 344 297 1449 341 294 1450 324 279 1451 345 300 1452 323 275 1453 327 280 1454 345 300 1455 360 295 1456 323 275 1457 346 301 1458 327 280 1459 328 281 1460 346 301 1461 345 300 1462 327 280 1463 347 302 1464 328 281 1465 329 282 1466 347 302 1467 346 301 1468 328 281 1469 348 303 1470 329 282 1471 330 283 1472 348 303 1473 347 302 1474 329 282 1475 349 304 1476 330 283 1477 331 284 1478 349 304 1479 348 303 1480 330 283 1481 350 305 1482 331 284 1483 333 286 1484 350 305 1485 349 304 1486 331 284 1487 351 306 1488 333 286 1489 332 285 1490 351 306 1491 350 305 1492 333 286 1493 352 307 1494 332 285 1495 334 287 1496 352 307 1497 351 306 1498 332 285 1499 353 308 1500 334 287 1501 335 288 1502 353 308 1503 352 307 1504 334 287 1505 354 309 1506 335 288 1507 336 289 1508 354 309 1509 353 308 1510 335 288 1511 372 310 1512 336 289 1513 339 292 1514 372 310 1515 354 309 1516 336 289 1517 372 310 1518 339 292 1519 355 311 1520 356 312 1521 355 311 1522 339 292 1523 356 312 1524 339 292 1525 340 293 1526 357 313 1527 372 310 1528 355 311 1529 358 314 1530 357 313 1531 355 311 1532 358 314 1533 355 311 1534 356 312 1535 359 315 1536 343 298 1537 342 299 1538 359 315 1539 344 297 1540 343 298 1541 361 316 1542 362 316 1543 342 316 1544 363 317 1545 342 299 1546 362 318 1547 360 295 1548 361 319 1549 342 299 1550 363 317 1551 359 315 1552 342 299 1553 364 320 1554 345 300 1555 346 301 1556 365 321 1557 346 301 1558 347 302 1559 365 321 1560 364 320 1561 346 301 1562 366 322 1563 347 302 1564 348 303 1565 366 322 1566 365 321 1567 347 302 1568 367 323 1569 348 303 1570 349 304 1571 367 323 1572 366 322 1573 348 303 1574 367 323 1575 349 304 1576 350 305 1577 368 324 1578 350 305 1579 351 306 1580 368 324 1581 367 323 1582 350 305 1583 369 325 1584 351 306 1585 352 307 1586 369 325 1587 368 324 1588 351 306 1589 370 326 1590 352 307 1591 353 308 1592 370 326 1593 369 325 1594 352 307 1595 371 327 1596 353 308 1597 354 309 1598 371 327 1599 370 326 1600 353 308 1601 372 310 1602 357 313 1603 373 328 1604 374 329 1605 373 328 1606 357 313 1607 374 329 1608 357 313 1609 358 314 1610 375 330 1611 372 310 1612 373 328 1613 376 331 1614 375 330 1615 373 328 1616 376 331 1617 373 328 1618 374 329 1619 363 317 1620 362 318 1621 361 319 1622 360 295 1623 377 332 1624 361 319 1625 378 333 1626 361 319 1627 377 332 1628 378 333 1629 363 317 1630 361 319 1631 379 334 1632 360 295 1633 345 300 1634 380 335 1635 345 300 1636 364 320 1637 380 335 1638 379 334 1639 345 300 1640 381 336 1641 364 320 1642 365 321 1643 381 336 1644 380 335 1645 364 320 1646 382 337 1647 365 321 1648 366 322 1649 382 337 1650 381 336 1651 365 321 1652 383 338 1653 366 322 1654 367 323 1655 383 338 1656 382 337 1657 366 322 1658 384 339 1659 367 323 1660 368 324 1661 384 339 1662 383 338 1663 367 323 1664 385 340 1665 368 324 1666 369 325 1667 385 340 1668 384 339 1669 368 324 1670 386 341 1671 369 325 1672 370 326 1673 386 341 1674 385 340 1675 369 325 1676 387 342 1677 370 326 1678 371 327 1679 387 342 1680 386 341 1681 370 326 1682 388 343 1683 371 327 1684 354 309 1685 388 343 1686 387 342 1687 371 327 1688 389 344 1689 354 309 1690 372 310 1691 389 344 1692 388 343 1693 354 309 1694 372 310 1695 375 330 1696 390 345 1697 391 346 1698 390 345 1699 375 330 1700 391 346 1701 375 330 1702 376 331 1703 254 204 1704 372 310 1705 390 345 1706 267 217 1707 377 332 1708 360 295 1709 267 217 1710 268 218 1711 377 332 1712 266 216 1713 360 295 1714 379 334 1715 266 216 1716 267 217 1717 360 295 1718 265 215 1719 379 334 1720 380 335 1721 265 215 1722 266 216 1723 379 334 1724 264 214 1725 380 335 1726 381 336 1727 264 214 1728 265 215 1729 380 335 1730 262 212 1731 381 336 1732 382 337 1733 262 212 1734 264 214 1735 381 336 1736 263 213 1737 382 337 1738 383 338 1739 263 213 1740 262 212 1741 382 337 1742 263 213 1743 383 338 1744 384 339 1745 261 211 1746 384 339 1747 385 340 1748 261 211 1749 263 213 1750 384 339 1751 260 210 1752 385 340 1753 386 341 1754 260 210 1755 261 211 1756 385 340 1757 259 209 1758 386 341 1759 387 342 1760 259 209 1761 260 210 1762 386 341 1763 258 208 1764 387 342 1765 388 343 1766 258 208 1767 259 209 1768 387 342 1769 257 207 1770 388 343 1771 389 344 1772 257 207 1773 258 208 1774 388 343 1775 256 206 1776 389 344 1777 372 310 1778 256 206 1779 257 207 1780 389 344 1781 254 204 1782 256 206 1783 372 310 1784 255 205 1785 254 204 1786 390 345 1787 392 347 1788 255 205 1789 390 345 1790 392 347 1791 390 345 1792 391 346 1793 393 348 1794 377 332 1795 268 218 1796 393 348 1797 378 333 1798 377 332 1799 270 220 1800 268 218 1801 269 221 1802 270 220 1803 393 348 1804 268 218 1805 394 349 1806 253 203 1807 255 205 1808 394 349 1809 255 205 1810 392 347 1811 394 349 1812 58 58 1813 253 203 1814 11 11 1815 4 4 1816 273 224 1817 395 350 1818 272 222 1819 277 228 1820 396 351 1821 272 222 1822 395 350 1823 396 351 1824 273 224 1825 272 222 1826 395 350 1827 277 228 1828 287 238 1829 395 350 1830 287 238 1831 291 241 1832 397 352 1833 291 241 1834 306 257 1835 398 353 1836 291 241 1837 397 352 1838 398 353 1839 395 350 1840 291 241 1841 397 352 1842 306 257 1843 304 255 1844 399 354 1845 304 255 1846 322 274 1847 399 354 1848 397 352 1849 304 255 1850 399 354 1851 322 274 1852 326 277 1853 400 355 1854 326 277 1855 341 294 1856 400 355 1857 399 354 1858 326 277 1859 401 356 1860 344 297 1861 359 315 1862 401 356 1863 341 294 1864 344 297 1865 401 356 1866 359 315 1867 363 317 1868 402 357 1869 363 317 1870 378 333 1871 402 357 1872 401 356 1873 363 317 1874 403 358 1875 378 333 1876 393 348 1877 403 358 1878 402 357 1879 378 333 1880 403 358 1881 393 348 1882 270 220 1883 48 48 1884 270 220 1885 42 42 1886 48 48 1887 403 358 1888 270 220 1889 404 359 1890 341 294 1891 401 356 1892 404 359 1893 400 355 1894 341 294 1895 405 360 1896 401 356 1897 402 357 1898 405 360 1899 404 359 1900 401 356 1901 406 361 1902 402 357 1903 403 358 1904 406 361 1905 405 360 1906 402 357 1907 193 143 1908 403 358 1909 48 48 1910 193 143 1911 406 361 1912 403 358 1913 407 362 1914 397 352 1915 399 354 1916 407 362 1917 398 353 1918 397 352 1919 408 363 1920 399 354 1921 400 355 1922 408 363 1923 407 362 1924 399 354 1925 409 364 1926 400 355 1927 404 359 1928 409 364 1929 408 363 1930 400 355 1931 410 365 1932 404 359 1933 405 360 1934 410 365 1935 409 364 1936 404 359 1937 411 366 1938 405 360 1939 406 361 1940 411 366 1941 410 365 1942 405 360 1943 412 367 1944 406 361 1945 193 143 1946 412 367 1947 411 366 1948 406 361 1949 196 146 1950 412 367 1951 193 143 1952 413 368 1953 395 350 1954 398 353 1955 413 368 1956 396 351 1957 395 350 1958 414 369 1959 398 353 1960 407 362 1961 414 369 1962 413 368 1963 398 353 1964 415 370 1965 407 362 1966 408 363 1967 415 370 1968 414 369 1969 407 362 1970 416 371 1971 408 363 1972 409 364 1973 416 371 1974 415 370 1975 408 363 1976 417 372 1977 409 364 1978 410 365 1979 417 372 1980 416 371 1981 409 364 1982 418 373 1983 410 365 1984 411 366 1985 418 373 1986 417 372 1987 410 365 1988 419 374 1989 411 366 1990 412 367 1991 419 374 1992 418 373 1993 411 366 1994 199 149 1995 412 367 1996 196 146 1997 199 149 1998 419 374 1999 412 367 2000 420 375 2001 273 224 2002 396 351 2003 420 375 2004 11 11 2005 273 224 2006 421 376 2007 396 351 2008 413 368 2009 421 376 2010 420 375 2011 396 351 2012 422 377 2013 413 368 2014 414 369 2015 422 377 2016 421 376 2017 413 368 2018 423 378 2019 414 369 2020 415 370 2021 423 378 2022 422 377 2023 414 369 2024 424 379 2025 415 370 2026 416 371 2027 424 379 2028 423 378 2029 415 370 2030 425 380 2031 416 371 2032 417 372 2033 425 380 2034 424 379 2035 416 371 2036 426 381 2037 417 372 2038 418 373 2039 426 381 2040 425 380 2041 417 372 2042 427 382 2043 418 373 2044 419 374 2045 427 382 2046 426 381 2047 418 373 2048 428 383 2049 419 374 2050 199 149 2051 428 383 2052 427 382 2053 419 374 2054 202 152 2055 428 383 2056 199 149 2057 429 384 2058 11 11 2059 420 375 2060 429 384 2061 0 0 2062 11 11 2063 430 385 2064 420 375 2065 421 376 2066 431 386 2067 420 375 2068 430 385 2069 431 386 2070 429 384 2071 420 375 2072 432 387 2073 421 376 2074 422 377 2075 432 387 2076 430 385 2077 421 376 2078 433 388 2079 422 377 2080 423 378 2081 434 389 2082 432 387 2083 422 377 2084 433 388 2085 434 389 2086 422 377 2087 435 390 2088 423 378 2089 424 379 2090 435 390 2091 433 388 2092 423 378 2093 436 391 2094 424 379 2095 425 380 2096 436 391 2097 435 390 2098 424 379 2099 437 392 2100 425 380 2101 426 381 2102 437 392 2103 436 391 2104 425 380 2105 438 393 2106 426 381 2107 427 382 2108 438 393 2109 437 392 2110 426 381 2111 439 394 2112 427 382 2113 428 383 2114 439 394 2115 438 393 2116 427 382 2117 205 155 2118 428 383 2119 202 152 2120 205 155 2121 439 394 2122 428 383 2123 440 395 2124 430 385 2125 432 387 2126 440 395 2127 431 386 2128 430 385 2129 441 396 2130 432 387 2131 434 389 2132 441 396 2133 440 395 2134 432 387 2135 442 397 2136 434 389 2137 433 388 2138 443 398 2139 434 389 2140 442 397 2141 443 398 2142 441 396 2143 434 389 2144 444 399 2145 433 388 2146 435 390 2147 444 399 2148 442 397 2149 433 388 2150 445 400 2151 435 390 2152 436 391 2153 445 400 2154 444 399 2155 435 390 2156 452 401 2157 436 391 2158 437 392 2159 446 402 2160 445 400 2161 436 391 2162 452 401 2163 446 402 2164 436 391 2165 455 403 2166 437 392 2167 438 393 2168 455 403 2169 452 401 2170 437 392 2171 447 404 2172 438 393 2173 439 394 2174 447 404 2175 455 403 2176 438 393 2177 448 405 2178 439 394 2179 205 155 2180 448 405 2181 447 404 2182 439 394 2183 206 156 2184 448 405 2185 205 155 2186 449 406 2187 442 397 2188 444 399 2189 449 406 2190 443 398 2191 442 397 2192 450 407 2193 444 399 2194 445 400 2195 450 407 2196 449 406 2197 444 399 2198 451 408 2199 445 400 2200 446 402 2201 451 408 2202 450 407 2203 445 400 2204 453 409 2205 446 402 2206 452 401 2207 453 409 2208 451 408 2209 446 402 2210 454 410 2211 455 403 2212 447 404 2213 456 411 2214 447 404 2215 448 405 2216 457 412 2217 454 410 2218 447 404 2219 456 411 2220 457 412 2221 447 404 2222 458 413 2223 448 405 2224 206 156 2225 458 413 2226 456 411 2227 448 405 2228 459 414 2229 458 413 2230 206 156 2231 31 31 2232 459 414 2233 206 156 2234 460 415 2235 452 401 2236 455 403 2237 460 415 2238 453 409 2239 452 401 2240 461 416 2241 455 403 2242 454 410 2243 461 416 2244 460 415 2245 455 403 2246 462 417 2247 454 410 2248 457 412 2249 462 417 2250 461 416 2251 454 410 2252 463 418 2253 457 412 2254 456 411 2255 463 418 2256 462 417 2257 457 412 2258 464 419 2259 456 411 2260 458 413 2261 464 419 2262 463 418 2263 456 411 2264 465 420 2265 458 413 2266 459 414 2267 465 420 2268 464 419 2269 458 413 2270 466 421 2271 459 414 2272 31 31 2273 466 421 2274 465 420 2275 459 414 2276 28 28 2277 466 421 2278 31 31 2279 8 8 2280 0 0 2281 429 384 2282 467 422 2283 431 386 2284 440 395 2285 468 423 2286 431 386 2287 467 422 2288 468 423 2289 429 384 2290 431 386 2291 467 422 2292 440 395 2293 441 396 2294 467 422 2295 441 396 2296 443 398 2297 469 424 2298 443 398 2299 449 406 2300 470 425 2301 443 398 2302 469 424 2303 470 425 2304 467 422 2305 443 398 2306 469 424 2307 449 406 2308 450 407 2309 471 426 2310 450 407 2311 451 408 2312 471 426 2313 469 424 2314 450 407 2315 471 426 2316 451 408 2317 453 409 2318 472 427 2319 453 409 2320 460 415 2321 472 427 2322 471 426 2323 453 409 2324 473 428 2325 461 416 2326 462 417 2327 473 428 2328 460 415 2329 461 416 2330 473 428 2331 462 417 2332 463 418 2333 474 429 2334 463 418 2335 464 419 2336 474 429 2337 473 428 2338 463 418 2339 475 430 2340 464 419 2341 465 420 2342 475 430 2343 474 429 2344 464 419 2345 475 430 2346 465 420 2347 466 421 2348 34 34 2349 466 421 2350 28 28 2351 34 34 2352 475 430 2353 466 421 2354 476 431 2355 460 415 2356 473 428 2357 476 431 2358 472 427 2359 460 415 2360 477 432 2361 473 428 2362 474 429 2363 477 432 2364 476 431 2365 473 428 2366 478 433 2367 474 429 2368 475 430 2369 478 433 2370 477 432 2371 474 429 2372 171 121 2373 475 430 2374 34 34 2375 171 121 2376 478 433 2377 475 430 2378 479 434 2379 469 424 2380 471 426 2381 479 434 2382 470 425 2383 469 424 2384 480 435 2385 471 426 2386 472 427 2387 480 435 2388 479 434 2389 471 426 2390 481 436 2391 472 427 2392 476 431 2393 481 436 2394 480 435 2395 472 427 2396 482 437 2397 476 431 2398 477 432 2399 482 437 2400 481 436 2401 476 431 2402 483 438 2403 477 432 2404 478 433 2405 483 438 2406 482 437 2407 477 432 2408 484 439 2409 478 433 2410 171 121 2411 484 439 2412 483 438 2413 478 433 2414 174 124 2415 484 439 2416 171 121 2417 485 440 2418 467 422 2419 470 425 2420 485 440 2421 468 423 2422 467 422 2423 486 441 2424 470 425 2425 479 434 2426 486 441 2427 485 440 2428 470 425 2429 487 442 2430 479 434 2431 480 435 2432 487 442 2433 486 441 2434 479 434 2435 488 443 2436 480 435 2437 481 436 2438 488 443 2439 487 442 2440 480 435 2441 489 444 2442 481 436 2443 482 437 2444 489 444 2445 488 443 2446 481 436 2447 490 445 2448 482 437 2449 483 438 2450 490 445 2451 489 444 2452 482 437 2453 491 446 2454 483 438 2455 484 439 2456 491 446 2457 490 445 2458 483 438 2459 177 127 2460 484 439 2461 174 124 2462 177 127 2463 491 446 2464 484 439 2465 492 447 2466 429 384 2467 468 423 2468 492 447 2469 8 8 2470 429 384 2471 493 448 2472 468 423 2473 485 440 2474 493 448 2475 492 447 2476 468 423 2477 494 449 2478 485 440 2479 486 441 2480 494 449 2481 493 448 2482 485 440 2483 495 450 2484 486 441 2485 487 442 2486 495 450 2487 494 449 2488 486 441 2489 496 451 2490 487 442 2491 488 443 2492 496 451 2493 495 450 2494 487 442 2495 497 452 2496 488 443 2497 489 444 2498 497 452 2499 496 451 2500 488 443 2501 498 453 2502 489 444 2503 490 445 2504 498 453 2505 497 452 2506 489 444 2507 499 454 2508 490 445 2509 491 446 2510 499 454 2511 498 453 2512 490 445 2513 500 455 2514 491 446 2515 177 127 2516 500 455 2517 499 454 2518 491 446 2519 180 130 2520 500 455 2521 177 127 2522 9 9 2523 8 8 2524 492 447 2525 501 456 2526 492 447 2527 493 448 2528 502 457 2529 492 447 2530 501 456 2531 502 457 2532 9 9 2533 492 447 2534 503 458 2535 493 448 2536 494 449 2537 503 458 2538 501 456 2539 493 448 2540 504 459 2541 494 449 2542 495 450 2543 505 460 2544 503 458 2545 494 449 2546 504 459 2547 505 460 2548 494 449 2549 506 461 2550 495 450 2551 496 451 2552 506 461 2553 504 459 2554 495 450 2555 507 462 2556 496 451 2557 497 452 2558 507 462 2559 506 461 2560 496 451 2561 508 463 2562 497 452 2563 498 453 2564 508 463 2565 507 462 2566 497 452 2567 509 464 2568 498 453 2569 499 454 2570 509 464 2571 508 463 2572 498 453 2573 510 465 2574 499 454 2575 500 455 2576 510 465 2577 509 464 2578 499 454 2579 183 133 2580 500 455 2581 180 130 2582 183 133 2583 510 465 2584 500 455 2585 511 466 2586 501 456 2587 503 458 2588 511 466 2589 502 457 2590 501 456 2591 512 467 2592 503 458 2593 505 460 2594 512 467 2595 511 466 2596 503 458 2597 513 468 2598 505 460 2599 504 459 2600 514 469 2601 505 460 2602 513 468 2603 514 469 2604 512 467 2605 505 460 2606 515 470 2607 504 459 2608 506 461 2609 515 470 2610 513 468 2611 504 459 2612 516 471 2613 506 461 2614 507 462 2615 516 471 2616 515 470 2617 506 461 2618 523 472 2619 507 462 2620 508 463 2621 517 473 2622 516 471 2623 507 462 2624 523 472 2625 517 473 2626 507 462 2627 526 474 2628 508 463 2629 509 464 2630 526 474 2631 523 472 2632 508 463 2633 518 475 2634 509 464 2635 510 465 2636 518 475 2637 526 474 2638 509 464 2639 519 476 2640 510 465 2641 183 133 2642 519 476 2643 518 475 2644 510 465 2645 184 134 2646 519 476 2647 183 133 2648 520 477 2649 513 468 2650 515 470 2651 520 477 2652 514 469 2653 513 468 2654 521 478 2655 515 470 2656 516 471 2657 521 478 2658 520 477 2659 515 470 2660 522 479 2661 516 471 2662 517 473 2663 522 479 2664 521 478 2665 516 471 2666 524 480 2667 517 473 2668 523 472 2669 524 480 2670 522 479 2671 517 473 2672 525 481 2673 526 474 2674 518 475 2675 527 482 2676 518 475 2677 519 476 2678 528 483 2679 525 481 2680 518 475 2681 527 482 2682 528 483 2683 518 475 2684 529 484 2685 519 476 2686 184 134 2687 529 484 2688 527 482 2689 519 476 2690 530 485 2691 529 484 2692 184 134 2693 18 18 2694 530 485 2695 184 134 2696 531 486 2697 523 472 2698 526 474 2699 532 487 2700 524 480 2701 523 472 2702 531 486 2703 532 487 2704 523 472 2705 533 488 2706 526 474 2707 525 481 2708 533 488 2709 531 486 2710 526 474 2711 534 489 2712 525 481 2713 528 483 2714 534 489 2715 533 488 2716 525 481 2717 535 490 2718 528 483 2719 527 482 2720 535 490 2721 534 489 2722 528 483 2723 536 491 2724 527 482 2725 529 484 2726 537 492 2727 535 490 2728 527 482 2729 536 491 2730 537 492 2731 527 482 2732 538 493 2733 529 484 2734 530 485 2735 538 493 2736 536 491 2737 529 484 2738 539 494 2739 530 485 2740 18 18 2741 539 494 2742 538 493 2743 530 485 2744 15 15 2745 539 494 2746 18 18 2747 540 495 2748 502 457 2749 511 466 2750 540 495 2751 9 9 2752 502 457 2753 512 467 2754 540 495 2755 511 466 2756 541 496 2757 512 467 2758 514 469 2759 520 477 2760 541 496 2761 514 469 2762 542 497 2763 521 478 2764 522 479 2765 542 497 2766 520 477 2767 521 478 2768 542 497 2769 522 479 2770 524 480 2771 543 498 2772 524 480 2773 532 487 2774 543 498 2775 542 497 2776 524 480 2777 543 498 2778 532 487 2779 531 486 2780 544 499 2781 531 486 2782 533 488 2783 544 499 2784 543 498 2785 531 486 2786 544 499 2787 533 488 2788 534 489 2789 544 499 2790 534 489 2791 535 490 2792 544 499 2793 535 490 2794 537 492 2795 544 499 2796 537 492 2797 536 491 2798 545 500 2799 544 499 2800 536 491 2801 545 500 2802 536 491 2803 538 493 2804 20 20 2805 538 493 2806 539 494 2807 545 500 2808 538 493 2809 20 20 2810 20 20 2811 539 494 2812 15 15 2813 545 500 2814 20 20 2815 130 80 2816 546 501 2817 130 80 2818 135 85 2819 545 500 2820 130 80 2821 546 501 2822 547 502 2823 135 85 2824 138 88 2825 546 501 2826 135 85 2827 547 502 2828 548 503 2829 138 88 2830 141 91 2831 547 502 2832 138 88 2833 548 503 2834 549 504 2835 141 91 2836 144 94 2837 548 503 2838 141 91 2839 549 504 2840 550 505 2841 144 94 2842 147 97 2843 549 504 2844 144 94 2845 550 505 2846 551 506 2847 147 97 2848 151 101 2849 550 505 2850 147 97 2851 551 506 2852 552 507 2853 151 101 2854 150 100 2855 553 508 2856 151 101 2857 552 507 2858 551 506 2859 151 101 2860 553 508 2861 554 509 2862 150 100 2863 154 104 2864 552 507 2865 150 100 2866 554 509 2867 555 510 2868 154 104 2869 157 107 2870 554 509 2871 154 104 2872 555 510 2873 556 511 2874 157 107 2875 159 109 2876 555 510 2877 157 107 2878 556 511 2879 557 512 2880 159 109 2881 57 57 2882 556 511 2883 159 109 2884 557 512 2885 392 347 2886 57 57 2887 58 58 2888 557 512 2889 57 57 2890 392 347 2891 394 513 2892 392 513 2893 58 513 2894 558 514 2895 281 232 2896 3 3 2897 559 515 2898 283 234 2899 281 232 2900 558 514 2901 559 515 2902 281 232 2903 558 514 2904 3 3 2905 10 10 2906 560 516 2907 10 10 2908 9 9 2909 560 516 2910 558 514 2911 10 10 2912 540 495 2913 560 516 2914 9 9 2915 559 515 2916 285 236 2917 283 234 2918 559 515 2919 298 249 2920 285 236 2921 561 517 2922 298 249 2923 559 515 2924 561 517 2925 301 252 2926 298 249 2927 562 518 2928 559 515 2929 558 514 2930 562 518 2931 561 517 2932 559 515 2933 563 519 2934 558 514 2935 560 516 2936 563 519 2937 562 518 2938 558 514 2939 564 520 2940 560 516 2941 540 495 2942 564 520 2943 563 519 2944 560 516 2945 565 521 2946 540 495 2947 512 467 2948 565 521 2949 564 520 2950 540 495 2951 541 496 2952 565 521 2953 512 467 2954 566 522 2955 303 254 2956 301 252 2957 321 523 2958 319 523 2959 303 523 2960 566 522 2961 321 273 2962 303 254 2963 567 524 2964 301 252 2965 561 517 2966 567 524 2967 566 522 2968 301 252 2969 568 525 2970 561 517 2971 562 518 2972 568 525 2973 567 524 2974 561 517 2975 569 526 2976 562 518 2977 563 519 2978 569 526 2979 568 525 2980 562 518 2981 570 527 2982 563 519 2983 564 520 2984 570 527 2985 569 526 2986 563 519 2987 571 528 2988 564 520 2989 565 521 2990 571 528 2991 570 527 2992 564 520 2993 572 529 2994 565 521 2995 541 496 2996 572 529 2997 571 528 2998 565 521 2999 573 530 3000 541 496 3001 520 477 3002 573 530 3003 572 529 3004 541 496 3005 542 497 3006 573 530 3007 520 477 3008 574 531 3009 321 273 3010 566 522 3011 340 532 3012 338 532 3013 321 532 3014 574 531 3015 340 293 3016 321 273 3017 575 533 3018 566 522 3019 567 524 3020 575 533 3021 574 531 3022 566 522 3023 576 534 3024 567 524 3025 568 525 3026 576 534 3027 575 533 3028 567 524 3029 577 535 3030 568 525 3031 569 526 3032 577 535 3033 576 534 3034 568 525 3035 578 536 3036 569 526 3037 570 527 3038 578 536 3039 577 535 3040 569 526 3041 579 537 3042 570 527 3043 571 528 3044 579 537 3045 578 536 3046 570 527 3047 580 538 3048 571 528 3049 572 529 3050 581 539 3051 579 537 3052 571 528 3053 580 538 3054 581 539 3055 571 528 3056 582 540 3057 572 529 3058 573 530 3059 582 540 3060 580 538 3061 572 529 3062 583 541 3063 573 530 3064 542 497 3065 583 541 3066 582 540 3067 573 530 3068 543 498 3069 583 541 3070 542 497 3071 594 542 3072 340 293 3073 574 531 3074 358 532 3075 356 532 3076 340 532 3077 594 542 3078 358 314 3079 340 293 3080 584 543 3081 574 531 3082 575 533 3083 584 543 3084 594 542 3085 574 531 3086 585 544 3087 575 533 3088 576 534 3089 585 544 3090 584 543 3091 575 533 3092 586 545 3093 576 534 3094 577 535 3095 586 545 3096 585 544 3097 576 534 3098 587 546 3099 577 535 3100 578 536 3101 587 546 3102 586 545 3103 577 535 3104 588 547 3105 578 536 3106 579 537 3107 588 547 3108 587 546 3109 578 536 3110 589 548 3111 579 537 3112 581 539 3113 589 548 3114 588 547 3115 579 537 3116 590 549 3117 581 539 3118 580 538 3119 590 549 3120 589 548 3121 581 539 3122 591 550 3123 580 538 3124 582 540 3125 591 550 3126 590 549 3127 580 538 3128 592 551 3129 582 540 3130 583 541 3131 592 551 3132 591 550 3133 582 540 3134 593 552 3135 583 541 3136 543 498 3137 593 552 3138 592 551 3139 583 541 3140 544 499 3141 593 552 3142 543 498 3143 376 532 3144 374 532 3145 358 532 3146 594 542 3147 376 331 3148 358 314 3149 595 553 3150 584 543 3151 585 544 3152 596 554 3153 585 544 3154 586 545 3155 596 554 3156 595 553 3157 585 544 3158 597 555 3159 586 545 3160 587 546 3161 597 555 3162 596 554 3163 586 545 3164 598 556 3165 587 546 3166 588 547 3167 598 556 3168 597 555 3169 587 546 3170 598 556 3171 588 547 3172 589 548 3173 599 557 3174 589 548 3175 590 549 3176 599 557 3177 598 556 3178 589 548 3179 600 558 3180 590 549 3181 591 550 3182 600 558 3183 599 557 3184 590 549 3185 601 559 3186 591 550 3187 592 551 3188 601 559 3189 600 558 3190 591 550 3191 602 560 3192 592 551 3193 593 552 3194 602 560 3195 601 559 3196 592 551 3197 594 542 3198 391 346 3199 376 331 3200 603 561 3201 594 542 3202 584 543 3203 604 562 3204 584 543 3205 595 553 3206 604 562 3207 603 561 3208 584 543 3209 605 563 3210 595 553 3211 596 554 3212 605 563 3213 604 562 3214 595 553 3215 606 564 3216 596 554 3217 597 555 3218 606 564 3219 605 563 3220 596 554 3221 607 565 3222 597 555 3223 598 556 3224 607 565 3225 606 564 3226 597 555 3227 608 566 3228 598 556 3229 599 557 3230 608 566 3231 607 565 3232 598 556 3233 609 567 3234 599 557 3235 600 558 3236 609 567 3237 608 566 3238 599 557 3239 610 568 3240 600 558 3241 601 559 3242 610 568 3243 609 567 3244 600 558 3245 611 569 3246 601 559 3247 602 560 3248 611 569 3249 610 568 3250 601 559 3251 612 570 3252 602 560 3253 593 552 3254 612 570 3255 611 569 3256 602 560 3257 613 571 3258 593 552 3259 544 499 3260 613 571 3261 612 570 3262 593 552 3263 557 512 3264 391 346 3265 594 542 3266 557 512 3267 392 347 3268 391 346 3269 556 511 3270 594 542 3271 603 561 3272 556 511 3273 557 512 3274 594 542 3275 555 510 3276 603 561 3277 604 562 3278 555 510 3279 556 511 3280 603 561 3281 554 509 3282 604 562 3283 605 563 3284 554 509 3285 555 510 3286 604 562 3287 552 507 3288 605 563 3289 606 564 3290 552 507 3291 554 509 3292 605 563 3293 553 508 3294 606 564 3295 607 565 3296 553 508 3297 552 507 3298 606 564 3299 553 508 3300 607 565 3301 608 566 3302 551 506 3303 608 566 3304 609 567 3305 551 506 3306 553 508 3307 608 566 3308 550 505 3309 609 567 3310 610 568 3311 550 505 3312 551 506 3313 609 567 3314 549 504 3315 610 568 3316 611 569 3317 549 504 3318 550 505 3319 610 568 3320 548 503 3321 611 569 3322 612 570 3323 548 503 3324 549 504 3325 611 569 3326 547 502 3327 612 570 3328 613 571 3329 547 502 3330 548 503 3331 612 570 3332 546 501 3333 613 571 3334 544 499 3335 546 501 3336 547 502 3337 613 571 3338 545 500 3339 546 501 3340 544 499 3341 614 572 3342 49 49 3343 51 51 3344 50 50 3345 49 49 3346 614 572 3347 615 573 3348 51 51 3349 242 192 3350 616 574 3351 614 572 3352 51 51 3353 615 573 3354 616 574 3355 51 51 3356 617 575 3357 242 192 3358 244 194 3359 617 575 3360 615 573 3361 242 192 3362 618 576 3363 244 194 3364 245 195 3365 618 576 3366 617 575 3367 244 194 3368 619 577 3369 245 195 3370 246 196 3371 619 577 3372 618 576 3373 245 195 3374 620 578 3375 246 196 3376 247 197 3377 620 578 3378 619 577 3379 246 196 3380 621 579 3381 247 197 3382 248 198 3383 621 579 3384 620 578 3385 247 197 3386 622 580 3387 248 198 3388 250 200 3389 622 580 3390 621 579 3391 248 198 3392 623 581 3393 250 200 3394 249 199 3395 624 582 3396 622 580 3397 250 200 3398 623 581 3399 624 582 3400 250 200 3401 625 583 3402 249 199 3403 251 201 3404 625 583 3405 623 581 3406 249 199 3407 626 584 3408 251 201 3409 252 202 3410 626 584 3411 625 583 3412 251 201 3413 627 585 3414 252 202 3415 213 163 3416 627 585 3417 626 584 3418 252 202 3419 628 586 3420 213 163 3421 59 59 3422 628 586 3423 627 585 3424 213 163 3425 629 587 3426 59 59 3427 62 62 3428 629 587 3429 628 586 3430 59 59 3431 630 588 3432 629 588 3433 62 588 3434 631 589 3435 630 590 3436 62 62 3437 631 589 3438 62 62 3439 61 61 3440 632 591 3441 614 572 3442 616 574 3443 632 591 3444 50 50 3445 614 572 3446 633 592 3447 616 574 3448 615 573 3449 634 593 3450 616 574 3451 633 592 3452 634 593 3453 632 591 3454 616 574 3455 635 594 3456 619 577 3457 620 578 3458 635 594 3459 618 576 3460 619 577 3461 636 595 3462 620 578 3463 621 579 3464 636 595 3465 635 594 3466 620 578 3467 637 596 3468 621 579 3469 622 580 3470 637 596 3471 636 595 3472 621 579 3473 638 597 3474 622 580 3475 624 582 3476 638 597 3477 637 596 3478 622 580 3479 639 598 3480 624 582 3481 623 581 3482 640 599 3483 638 597 3484 624 582 3485 639 598 3486 640 599 3487 624 582 3488 641 600 3489 623 581 3490 625 583 3491 641 600 3492 639 598 3493 623 581 3494 626 584 3495 641 600 3496 625 583 3497 642 601 3498 628 586 3499 629 587 3500 643 602 3501 629 587 3502 630 590 3503 644 603 3504 642 601 3505 629 587 3506 644 603 3507 629 587 3508 643 602 3509 643 602 3510 630 590 3511 631 589 3512 645 604 3513 615 573 3514 617 575 3515 646 605 3516 633 592 3517 615 573 3518 645 604 3519 646 605 3520 615 573 3521 647 606 3522 617 575 3523 618 576 3524 647 606 3525 645 604 3526 617 575 3527 648 607 3528 618 576 3529 635 594 3530 648 607 3531 647 606 3532 618 576 3533 649 608 3534 635 594 3535 636 595 3536 649 608 3537 648 607 3538 635 594 3539 650 609 3540 636 595 3541 637 596 3542 650 609 3543 649 608 3544 636 595 3545 651 610 3546 637 596 3547 638 597 3548 651 610 3549 650 609 3550 637 596 3551 652 611 3552 638 597 3553 640 599 3554 652 611 3555 651 610 3556 638 597 3557 653 612 3558 640 599 3559 639 598 3560 653 612 3561 652 611 3562 640 599 3563 654 613 3564 639 598 3565 641 600 3566 654 613 3567 653 612 3568 639 598 3569 655 614 3570 641 600 3571 626 584 3572 655 614 3573 654 613 3574 641 600 3575 656 615 3576 626 584 3577 627 585 3578 656 615 3579 655 614 3580 626 584 3581 657 616 3582 627 585 3583 628 586 3584 657 616 3585 656 615 3586 627 585 3587 658 617 3588 628 586 3589 642 601 3590 658 617 3591 657 616 3592 628 586 3593 659 618 3594 633 592 3595 646 605 3596 659 618 3597 634 593 3598 633 592 3599 660 619 3600 646 605 3601 645 604 3602 661 620 3603 646 605 3604 660 619 3605 661 620 3606 659 618 3607 646 605 3608 662 621 3609 660 619 3610 645 604 3611 663 622 3612 647 606 3613 648 607 3614 663 622 3615 645 604 3616 647 606 3617 664 623 3618 648 607 3619 649 608 3620 664 623 3621 663 622 3622 648 607 3623 665 624 3624 649 608 3625 650 609 3626 665 624 3627 664 623 3628 649 608 3629 666 625 3630 650 609 3631 651 610 3632 666 625 3633 665 624 3634 650 609 3635 667 626 3636 651 610 3637 652 611 3638 667 626 3639 666 625 3640 651 610 3641 668 627 3642 652 611 3643 653 612 3644 669 628 3645 667 626 3646 652 611 3647 668 627 3648 669 628 3649 652 611 3650 670 629 3651 653 612 3652 654 613 3653 670 629 3654 668 627 3655 653 612 3656 671 630 3657 654 613 3658 655 614 3659 671 630 3660 670 629 3661 654 613 3662 672 631 3663 655 614 3664 656 615 3665 672 631 3666 671 630 3667 655 614 3668 657 616 3669 672 631 3670 656 615 3671 673 632 3672 657 616 3673 658 617 3674 674 633 3675 658 617 3676 642 601 3677 675 634 3678 673 634 3679 658 634 3680 676 635 3681 675 636 3682 658 617 3683 676 635 3684 658 617 3685 674 633 3686 674 633 3687 642 601 3688 644 603 3689 661 620 3690 660 619 3691 662 621 3692 677 637 3693 662 621 3694 645 604 3695 678 638 3696 662 621 3697 677 637 3698 678 638 3699 661 620 3700 662 621 3701 679 639 3702 645 604 3703 663 622 3704 680 640 3705 677 637 3706 645 604 3707 679 639 3708 680 640 3709 645 604 3710 681 641 3711 663 622 3712 664 623 3713 681 641 3714 679 639 3715 663 622 3716 682 642 3717 664 623 3718 665 624 3719 682 642 3720 681 641 3721 664 623 3722 683 643 3723 665 624 3724 666 625 3725 683 643 3726 682 642 3727 665 624 3728 684 644 3729 666 625 3730 667 626 3731 684 644 3732 683 643 3733 666 625 3734 685 645 3735 667 626 3736 669 628 3737 685 645 3738 684 644 3739 667 626 3740 686 646 3741 669 628 3742 668 627 3743 686 646 3744 685 645 3745 669 628 3746 687 647 3747 668 627 3748 670 629 3749 687 647 3750 686 646 3751 668 627 3752 688 648 3753 670 629 3754 671 630 3755 688 648 3756 687 647 3757 670 629 3758 689 649 3759 671 630 3760 672 631 3761 689 649 3762 688 648 3763 671 630 3764 690 650 3765 672 631 3766 657 616 3767 690 650 3768 689 649 3769 672 631 3770 691 651 3771 657 616 3772 673 632 3773 691 651 3774 690 650 3775 657 616 3776 692 652 3777 673 632 3778 675 636 3779 693 588 3780 691 588 3781 673 588 3782 694 653 3783 693 654 3784 673 632 3785 694 653 3786 673 632 3787 692 652 3788 692 652 3789 675 636 3790 676 635 3791 695 655 3792 677 637 3793 680 640 3794 695 655 3795 678 638 3796 677 637 3797 696 656 3798 680 640 3799 679 639 3800 697 657 3801 680 640 3802 696 656 3803 697 657 3804 695 655 3805 680 640 3806 698 658 3807 679 639 3808 681 641 3809 699 659 3810 696 656 3811 679 639 3812 698 658 3813 699 659 3814 679 639 3815 700 660 3816 681 641 3817 682 642 3818 700 660 3819 698 658 3820 681 641 3821 701 661 3822 682 642 3823 683 643 3824 701 661 3825 700 660 3826 682 642 3827 702 662 3828 683 643 3829 684 644 3830 702 662 3831 701 661 3832 683 643 3833 702 662 3834 684 644 3835 685 645 3836 703 663 3837 685 645 3838 686 646 3839 703 663 3840 702 662 3841 685 645 3842 704 664 3843 686 646 3844 687 647 3845 704 664 3846 703 663 3847 686 646 3848 705 665 3849 687 647 3850 688 648 3851 705 665 3852 704 664 3853 687 647 3854 706 666 3855 688 648 3856 689 649 3857 706 666 3858 705 665 3859 688 648 3860 707 667 3861 689 649 3862 690 650 3863 707 667 3864 706 666 3865 689 649 3866 708 668 3867 690 650 3868 691 651 3869 708 668 3870 707 667 3871 690 650 3872 709 669 3873 691 651 3874 693 654 3875 710 588 3876 708 588 3877 691 588 3878 711 670 3879 710 671 3880 691 651 3881 711 670 3882 691 651 3883 709 669 3884 709 669 3885 693 654 3886 694 653 3887 697 657 3888 696 656 3889 699 659 3890 712 672 3891 699 659 3892 698 658 3893 713 673 3894 699 659 3895 712 672 3896 713 673 3897 697 657 3898 699 659 3899 714 674 3900 698 658 3901 700 660 3902 715 675 3903 712 672 3904 698 658 3905 714 674 3906 715 675 3907 698 658 3908 716 676 3909 700 660 3910 701 661 3911 716 676 3912 714 674 3913 700 660 3914 717 677 3915 701 661 3916 702 662 3917 717 677 3918 716 676 3919 701 661 3920 718 678 3921 702 662 3922 703 663 3923 718 678 3924 717 677 3925 702 662 3926 719 679 3927 703 663 3928 704 664 3929 719 679 3930 718 678 3931 703 663 3932 720 680 3933 704 664 3934 705 665 3935 720 680 3936 719 679 3937 704 664 3938 721 681 3939 705 665 3940 706 666 3941 721 681 3942 720 680 3943 705 665 3944 722 682 3945 706 666 3946 707 667 3947 722 682 3948 721 681 3949 706 666 3950 723 683 3951 707 667 3952 708 668 3953 723 683 3954 722 682 3955 707 667 3956 724 684 3957 708 668 3958 710 671 3959 725 588 3960 723 588 3961 708 588 3962 726 685 3963 725 686 3964 708 668 3965 726 685 3966 708 668 3967 724 684 3968 724 684 3969 710 671 3970 711 670 3971 727 687 3972 712 672 3973 715 675 3974 727 687 3975 713 673 3976 712 672 3977 728 688 3978 715 675 3979 714 674 3980 729 689 3981 715 675 3982 728 688 3983 729 689 3984 727 687 3985 715 675 3986 730 690 3987 714 674 3988 716 676 3989 730 690 3990 728 688 3991 714 674 3992 742 691 3993 716 676 3994 717 677 3995 731 692 3996 730 690 3997 716 676 3998 742 691 3999 731 692 4000 716 676 4001 732 693 4002 717 677 4003 718 678 4004 732 693 4005 742 691 4006 717 677 4007 733 694 4008 718 678 4009 719 679 4010 733 694 4011 732 693 4012 718 678 4013 734 695 4014 719 679 4015 720 680 4016 734 695 4017 733 694 4018 719 679 4019 746 696 4020 720 680 4021 721 681 4022 746 696 4023 734 695 4024 720 680 4025 735 697 4026 721 681 4027 722 682 4028 735 697 4029 746 696 4030 721 681 4031 736 698 4032 722 682 4033 723 683 4034 737 699 4035 735 697 4036 722 682 4037 736 698 4038 737 699 4039 722 682 4040 738 700 4041 723 683 4042 725 686 4043 739 701 4044 736 698 4045 723 683 4046 739 701 4047 723 683 4048 738 700 4049 738 700 4050 725 686 4051 726 685 4052 740 702 4053 728 688 4054 730 690 4055 740 702 4056 729 689 4057 728 688 4058 741 703 4059 730 690 4060 731 692 4061 741 703 4062 740 702 4063 730 690 4064 743 704 4065 731 692 4066 742 691 4067 743 704 4068 741 703 4069 731 692 4070 744 705 4071 742 691 4072 732 693 4073 122 72 4074 732 693 4075 733 694 4076 122 72 4077 744 705 4078 732 693 4079 121 71 4080 733 694 4081 734 695 4082 121 71 4083 122 72 4084 733 694 4085 745 706 4086 734 695 4087 746 696 4088 120 70 4089 121 71 4090 734 695 4091 745 706 4092 120 70 4093 734 695 4094 747 707 4095 735 697 4096 737 699 4097 748 708 4098 746 696 4099 735 697 4100 748 708 4101 735 697 4102 747 707 4103 749 709 4104 737 699 4105 736 698 4106 747 707 4107 737 699 4108 749 709 4109 749 709 4110 736 698 4111 739 701 4112 750 710 4113 742 691 4114 744 705 4115 750 710 4116 743 704 4117 742 691 4118 751 711 4119 744 705 4120 122 72 4121 751 711 4122 750 710 4123 744 705 4124 127 77 4125 120 70 4126 745 706 4127 127 77 4128 745 706 4129 752 712 4130 748 708 4131 745 706 4132 746 696 4133 752 712 4134 745 706 4135 748 708 4136 753 713 4137 751 711 4138 122 72 4139 93 67 4140 753 713 4141 122 72 4142 212 162 4143 50 50 4144 632 591 4145 212 162 4146 632 591 4147 634 593 4148 754 714 4149 634 593 4150 659 618 4151 754 714 4152 212 162 4153 634 593 4154 755 715 4155 659 618 4156 661 620 4157 755 715 4158 754 714 4159 659 618 4160 755 715 4161 661 620 4162 678 638 4163 756 716 4164 678 638 4165 695 655 4166 756 716 4167 755 715 4168 678 638 4169 756 716 4170 695 655 4171 697 657 4172 757 717 4173 713 673 4174 727 687 4175 757 717 4176 697 657 4177 713 673 4178 758 718 4179 727 687 4180 729 689 4181 758 718 4182 757 717 4183 727 687 4184 759 719 4185 729 689 4186 740 702 4187 759 719 4188 758 718 4189 729 689 4190 759 719 4191 740 702 4192 741 703 4193 760 720 4194 741 703 4195 743 704 4196 760 720 4197 759 719 4198 741 703 4199 761 721 4200 743 704 4201 750 710 4202 761 721 4203 760 720 4204 743 704 4205 761 721 4206 750 710 4207 751 711 4208 762 722 4209 761 721 4210 751 711 4211 753 713 4212 762 722 4213 751 711 4214 124 74 4215 753 713 4216 93 67 4217 211 161 4218 212 162 4219 754 714 4220 763 723 4221 754 714 4222 755 715 4223 763 723 4224 211 161 4225 754 714 4226 764 724 4227 755 715 4228 756 716 4229 764 724 4230 763 723 4231 755 715 4232 765 725 4233 756 716 4234 697 657 4235 765 725 4236 764 724 4237 756 716 4238 757 717 4239 765 725 4240 697 657 4241 766 726 4242 211 161 4243 763 723 4244 766 726 4245 210 160 4246 211 161 4247 767 727 4248 763 723 4249 764 724 4250 767 727 4251 766 726 4252 763 723 4253 768 728 4254 764 724 4255 765 725 4256 768 728 4257 767 727 4258 764 724 4259 769 729 4260 765 725 4261 757 717 4262 769 729 4263 768 728 4264 765 725 4265 770 730 4266 757 717 4267 758 718 4268 770 730 4269 769 729 4270 757 717 4271 771 731 4272 758 718 4273 759 719 4274 771 731 4275 770 730 4276 758 718 4277 760 720 4278 771 731 4279 759 719 4280 209 159 4281 210 160 4282 766 726 4283 772 732 4284 766 726 4285 767 727 4286 772 732 4287 209 159 4288 766 726 4289 773 733 4290 767 727 4291 768 728 4292 773 733 4293 772 732 4294 767 727 4295 774 734 4296 768 728 4297 769 729 4298 774 734 4299 773 733 4300 768 728 4301 775 735 4302 769 729 4303 770 730 4304 775 735 4305 774 734 4306 769 729 4307 776 736 4308 770 730 4309 771 731 4310 776 736 4311 775 735 4312 770 730 4313 777 737 4314 771 731 4315 760 720 4316 777 737 4317 776 736 4318 771 731 4319 778 738 4320 760 720 4321 761 721 4322 778 738 4323 777 737 4324 760 720 4325 762 722 4326 778 738 4327 761 721 4328 779 739 4329 209 159 4330 772 732 4331 779 739 4332 208 158 4333 209 159 4334 780 740 4335 772 732 4336 773 733 4337 780 740 4338 779 739 4339 772 732 4340 781 741 4341 773 733 4342 774 734 4343 781 741 4344 780 740 4345 773 733 4346 782 742 4347 774 734 4348 775 735 4349 782 742 4350 781 741 4351 774 734 4352 783 743 4353 775 735 4354 776 736 4355 783 743 4356 782 742 4357 775 735 4358 784 744 4359 776 736 4360 777 737 4361 784 744 4362 783 743 4363 776 736 4364 785 745 4365 777 737 4366 778 738 4367 785 745 4368 784 744 4369 777 737 4370 786 746 4371 778 738 4372 762 722 4373 786 746 4374 785 745 4375 778 738 4376 787 747 4377 762 722 4378 753 713 4379 787 747 4380 786 746 4381 762 722 4382 124 74 4383 787 747 4384 753 713 4385 207 157 4386 208 158 4387 779 739 4388 788 748 4389 779 739 4390 780 740 4391 788 748 4392 207 157 4393 779 739 4394 789 749 4395 780 740 4396 781 741 4397 789 749 4398 788 748 4399 780 740 4400 790 750 4401 781 741 4402 782 742 4403 790 750 4404 789 749 4405 781 741 4406 791 751 4407 782 742 4408 783 743 4409 791 751 4410 790 750 4411 782 742 4412 792 752 4413 783 743 4414 784 744 4415 792 752 4416 791 751 4417 783 743 4418 793 753 4419 784 744 4420 785 745 4421 793 753 4422 792 752 4423 784 744 4424 794 754 4425 785 745 4426 786 746 4427 794 754 4428 793 753 4429 785 745 4430 795 755 4431 786 746 4432 787 747 4433 796 756 4434 794 754 4435 786 746 4436 795 755 4437 796 756 4438 786 746 4439 797 757 4440 787 747 4441 124 74 4442 798 758 4443 795 755 4444 787 747 4445 797 757 4446 798 758 4447 787 747 4448 123 73 4449 797 757 4450 124 74 4451 799 759 4452 207 157 4453 788 748 4454 799 759 4455 38 38 4456 207 157 4457 800 760 4458 788 748 4459 789 749 4460 800 760 4461 799 759 4462 788 748 4463 801 761 4464 789 749 4465 790 750 4466 801 761 4467 800 760 4468 789 749 4469 815 762 4470 790 750 4471 791 751 4472 815 762 4473 801 761 4474 790 750 4475 802 763 4476 791 751 4477 792 752 4478 802 763 4479 815 762 4480 791 751 4481 803 764 4482 792 752 4483 793 753 4484 804 765 4485 802 763 4486 792 752 4487 803 764 4488 804 765 4489 792 752 4490 805 766 4491 793 753 4492 794 754 4493 805 766 4494 803 764 4495 793 753 4496 806 767 4497 794 754 4498 796 756 4499 807 768 4500 805 766 4501 794 754 4502 806 767 4503 807 768 4504 794 754 4505 808 769 4506 796 756 4507 795 755 4508 808 769 4509 806 767 4510 796 756 4511 798 758 4512 808 769 4513 795 755 4514 809 770 4515 38 38 4516 799 759 4517 809 770 4518 35 35 4519 38 38 4520 810 771 4521 799 759 4522 800 760 4523 811 772 4524 809 770 4525 799 759 4526 810 771 4527 811 772 4528 799 759 4529 812 773 4530 800 760 4531 801 761 4532 812 773 4533 810 771 4534 800 760 4535 813 774 4536 801 761 4537 815 762 4538 814 775 4539 812 773 4540 801 761 4541 813 774 4542 814 775 4543 801 761 4544 816 776 4545 802 763 4546 804 765 4547 817 777 4548 815 762 4549 802 763 4550 816 776 4551 817 777 4552 802 763 4553 818 778 4554 804 765 4555 803 764 4556 818 778 4557 816 776 4558 804 765 4559 819 779 4560 803 764 4561 805 766 4562 819 779 4563 818 778 4564 803 764 4565 807 768 4566 819 779 4567 805 766 4568 36 36 4569 35 35 4570 809 770 4571 820 780 4572 809 770 4573 811 772 4574 820 780 4575 36 36 4576 809 770 4577 821 781 4578 811 772 4579 810 771 4580 821 781 4581 820 780 4582 811 772 4583 822 782 4584 810 771 4585 812 773 4586 822 782 4587 821 781 4588 810 771 4589 823 783 4590 812 773 4591 814 775 4592 823 783 4593 822 782 4594 812 773 4595 824 784 4596 814 775 4597 813 774 4598 824 784 4599 823 783 4600 814 775 4601 825 785 4602 813 774 4603 815 762 4604 825 785 4605 824 784 4606 813 774 4607 817 777 4608 825 785 4609 815 762 4610 190 140 4611 36 36 4612 820 780 4613 190 140 4614 820 780 4615 821 781 4616 826 786 4617 821 781 4618 822 782 4619 826 786 4620 190 140 4621 821 781 4622 827 787 4623 822 782 4624 823 783 4625 827 787 4626 826 786 4627 822 782 4628 827 787 4629 823 783 4630 824 784 4631 828 788 4632 824 784 4633 825 785 4634 828 788 4635 827 787 4636 824 784 4637 828 788 4638 825 785 4639 817 777 4640 829 789 4641 816 776 4642 818 778 4643 829 789 4644 817 777 4645 816 776 4646 830 790 4647 818 778 4648 819 779 4649 830 790 4650 829 789 4651 818 778 4652 831 791 4653 819 779 4654 807 768 4655 831 791 4656 830 790 4657 819 779 4658 831 791 4659 807 768 4660 806 767 4661 832 792 4662 806 767 4663 808 769 4664 832 792 4665 831 791 4666 806 767 4667 833 793 4668 808 769 4669 798 758 4670 833 793 4671 832 792 4672 808 769 4673 833 793 4674 798 758 4675 797 757 4676 834 794 4677 833 793 4678 797 757 4679 123 73 4680 834 794 4681 797 757 4682 126 76 4683 123 73 4684 80 66 4685 189 139 4686 190 140 4687 826 786 4688 835 795 4689 826 786 4690 827 787 4691 835 795 4692 189 139 4693 826 786 4694 836 796 4695 827 787 4696 828 788 4697 836 796 4698 835 795 4699 827 787 4700 837 797 4701 828 788 4702 817 777 4703 837 797 4704 836 796 4705 828 788 4706 829 789 4707 837 797 4708 817 777 4709 838 798 4710 189 139 4711 835 795 4712 838 798 4713 188 138 4714 189 139 4715 839 799 4716 835 795 4717 836 796 4718 839 799 4719 838 798 4720 835 795 4721 840 800 4722 836 796 4723 837 797 4724 840 800 4725 839 799 4726 836 796 4727 841 801 4728 837 797 4729 829 789 4730 841 801 4731 840 800 4732 837 797 4733 842 802 4734 829 789 4735 830 790 4736 842 802 4737 841 801 4738 829 789 4739 843 803 4740 830 790 4741 831 791 4742 843 803 4743 842 802 4744 830 790 4745 832 792 4746 843 803 4747 831 791 4748 187 137 4749 188 138 4750 838 798 4751 844 804 4752 838 798 4753 839 799 4754 844 804 4755 187 137 4756 838 798 4757 845 805 4758 839 799 4759 840 800 4760 845 805 4761 844 804 4762 839 799 4763 846 806 4764 840 800 4765 841 801 4766 846 806 4767 845 805 4768 840 800 4769 847 807 4770 841 801 4771 842 802 4772 847 807 4773 846 806 4774 841 801 4775 848 808 4776 842 802 4777 843 803 4778 848 808 4779 847 807 4780 842 802 4781 849 809 4782 843 803 4783 832 792 4784 849 809 4785 848 808 4786 843 803 4787 850 810 4788 832 792 4789 833 793 4790 850 810 4791 849 809 4792 832 792 4793 834 794 4794 850 810 4795 833 793 4796 851 811 4797 187 137 4798 844 804 4799 851 811 4800 186 136 4801 187 137 4802 852 812 4803 844 804 4804 845 805 4805 852 812 4806 851 811 4807 844 804 4808 853 813 4809 845 805 4810 846 806 4811 853 813 4812 852 812 4813 845 805 4814 854 814 4815 846 806 4816 847 807 4817 854 814 4818 853 813 4819 846 806 4820 855 815 4821 847 807 4822 848 808 4823 855 815 4824 854 814 4825 847 807 4826 856 816 4827 848 808 4828 849 809 4829 856 816 4830 855 815 4831 848 808 4832 857 817 4833 849 809 4834 850 810 4835 857 817 4836 856 816 4837 849 809 4838 858 818 4839 850 810 4840 834 794 4841 858 818 4842 857 817 4843 850 810 4844 859 819 4845 834 794 4846 123 73 4847 859 819 4848 858 818 4849 834 794 4850 126 76 4851 859 819 4852 123 73 4853 185 135 4854 186 136 4855 851 811 4856 860 820 4857 851 811 4858 852 812 4859 860 820 4860 185 135 4861 851 811 4862 861 821 4863 852 812 4864 853 813 4865 861 821 4866 860 820 4867 852 812 4868 862 822 4869 853 813 4870 854 814 4871 862 822 4872 861 821 4873 853 813 4874 863 823 4875 854 814 4876 855 815 4877 863 823 4878 862 822 4879 854 814 4880 864 824 4881 855 815 4882 856 816 4883 864 824 4884 863 823 4885 855 815 4886 865 825 4887 856 816 4888 857 817 4889 865 825 4890 864 824 4891 856 816 4892 866 826 4893 857 817 4894 858 818 4895 866 826 4896 865 825 4897 857 817 4898 867 827 4899 858 818 4900 859 819 4901 868 828 4902 866 826 4903 858 818 4904 867 827 4905 868 828 4906 858 818 4907 869 829 4908 859 819 4909 126 76 4910 869 829 4911 867 827 4912 859 819 4913 125 75 4914 869 829 4915 126 76 4916 870 830 4917 185 135 4918 860 820 4919 870 830 4920 24 24 4921 185 135 4922 871 831 4923 860 820 4924 861 821 4925 871 831 4926 870 830 4927 860 820 4928 872 832 4929 861 821 4930 862 822 4931 872 832 4932 871 831 4933 861 821 4934 886 833 4935 862 822 4936 863 823 4937 886 833 4938 872 832 4939 862 822 4940 873 834 4941 863 823 4942 864 824 4943 873 834 4944 886 833 4945 863 823 4946 874 835 4947 864 824 4948 865 825 4949 875 836 4950 873 834 4951 864 824 4952 874 835 4953 875 836 4954 864 824 4955 876 837 4956 865 825 4957 866 826 4958 876 837 4959 874 835 4960 865 825 4961 877 838 4962 866 826 4963 868 828 4964 878 839 4965 876 837 4966 866 826 4967 877 838 4968 878 839 4969 866 826 4970 879 840 4971 868 828 4972 867 827 4973 879 840 4974 877 838 4975 868 828 4976 869 829 4977 879 840 4978 867 827 4979 880 841 4980 24 24 4981 870 830 4982 880 841 4983 21 21 4984 24 24 4985 881 842 4986 870 830 4987 871 831 4988 882 843 4989 880 841 4990 870 830 4991 881 842 4992 882 843 4993 870 830 4994 883 844 4995 871 831 4996 872 832 4997 883 844 4998 881 842 4999 871 831 5000 884 845 5001 872 832 5002 886 833 5003 885 846 5004 883 844 5005 872 832 5006 884 845 5007 885 846 5008 872 832 5009 887 847 5010 873 834 5011 875 836 5012 888 848 5013 886 833 5014 873 834 5015 887 847 5016 888 848 5017 873 834 5018 889 849 5019 875 836 5020 874 835 5021 889 849 5022 887 847 5023 875 836 5024 890 850 5025 874 835 5026 876 837 5027 891 851 5028 889 849 5029 874 835 5030 890 850 5031 891 851 5032 874 835 5033 878 839 5034 890 850 5035 876 837 5036 22 22 5037 21 21 5038 880 841 5039 892 852 5040 880 841 5041 882 843 5042 893 853 5043 22 22 5044 880 841 5045 892 852 5046 893 853 5047 880 841 5048 894 854 5049 882 843 5050 881 842 5051 894 854 5052 892 852 5053 882 843 5054 895 855 5055 881 842 5056 883 844 5057 895 855 5058 894 854 5059 881 842 5060 896 856 5061 883 844 5062 885 846 5063 896 856 5064 895 855 5065 883 844 5066 897 857 5067 885 846 5068 884 845 5069 898 858 5070 896 856 5071 885 846 5072 897 857 5073 898 858 5074 885 846 5075 899 859 5076 884 845 5077 886 833 5078 899 859 5079 897 857 5080 884 845 5081 888 848 5082 899 859 5083 886 833 5084 892 860 5085 22 860 5086 893 860 5087 19 19 5088 22 22 5089 892 852 5090 900 861 5091 892 852 5092 894 854 5093 900 861 5094 19 19 5095 892 852 5096 900 861 5097 894 854 5098 895 855 5099 898 862 5100 895 862 5101 896 862 5102 901 863 5103 895 855 5104 898 858 5105 901 863 5106 900 861 5107 895 855 5108 899 864 5109 898 864 5110 897 864 5111 901 863 5112 898 858 5113 899 859 5114 887 865 5115 899 865 5116 888 865 5117 902 866 5118 899 859 5119 887 847 5120 902 866 5121 901 863 5122 899 859 5123 891 867 5124 887 867 5125 889 867 5126 903 868 5127 887 847 5128 891 851 5129 903 868 5130 902 866 5131 887 847 5132 904 869 5133 891 851 5134 890 850 5135 904 869 5136 903 868 5137 891 851 5138 904 869 5139 890 850 5140 878 839 5141 904 869 5142 878 839 5143 877 838 5144 904 869 5145 877 838 5146 905 870 5147 879 840 5148 905 870 5149 877 838 5150 879 840 5151 869 829 5152 906 871 5153 125 75 5154 906 871 5155 869 829 5156 631 589 5157 61 61 5158 63 63 5159 907 872 5160 63 63 5161 158 108 5162 643 602 5163 631 589 5164 63 63 5165 907 872 5166 643 602 5167 63 63 5168 908 873 5169 158 108 5170 160 110 5171 908 873 5172 907 872 5173 158 108 5174 909 874 5175 160 110 5176 161 111 5177 909 874 5178 908 873 5179 160 110 5180 910 875 5181 161 111 5182 162 112 5183 910 875 5184 909 874 5185 161 111 5186 911 876 5187 162 112 5188 163 113 5189 911 876 5190 910 875 5191 162 112 5192 912 877 5193 163 113 5194 164 114 5195 912 877 5196 911 876 5197 163 113 5198 913 878 5199 164 114 5200 166 116 5201 913 878 5202 912 877 5203 164 114 5204 914 879 5205 166 116 5206 165 115 5207 915 880 5208 913 878 5209 166 116 5210 914 879 5211 915 880 5212 166 116 5213 916 881 5214 165 115 5215 167 117 5216 916 881 5217 914 879 5218 165 115 5219 917 882 5220 167 117 5221 168 118 5222 917 882 5223 916 881 5224 167 117 5225 918 883 5226 168 118 5227 129 79 5228 918 883 5229 917 882 5230 168 118 5231 900 861 5232 129 79 5233 19 19 5234 900 861 5235 918 883 5236 129 79 5237 644 603 5238 643 602 5239 907 872 5240 919 884 5241 910 875 5242 911 876 5243 919 884 5244 909 874 5245 910 875 5246 920 885 5247 911 876 5248 912 877 5249 920 885 5250 919 884 5251 911 876 5252 921 886 5253 912 877 5254 913 878 5255 921 886 5256 920 885 5257 912 877 5258 922 887 5259 913 878 5260 915 880 5261 922 887 5262 921 886 5263 913 878 5264 923 888 5265 915 880 5266 914 879 5267 924 889 5268 922 887 5269 915 880 5270 923 888 5271 924 889 5272 915 880 5273 925 890 5274 914 879 5275 916 881 5276 925 890 5277 923 888 5278 914 879 5279 917 882 5280 925 890 5281 916 881 5282 926 891 5283 907 872 5284 908 873 5285 674 633 5286 644 603 5287 907 872 5288 926 891 5289 674 633 5290 907 872 5291 927 892 5292 908 873 5293 909 874 5294 927 892 5295 926 891 5296 908 873 5297 928 893 5298 909 874 5299 919 884 5300 928 893 5301 927 892 5302 909 874 5303 929 894 5304 919 884 5305 920 885 5306 929 894 5307 928 893 5308 919 884 5309 930 895 5310 920 885 5311 921 886 5312 930 895 5313 929 894 5314 920 885 5315 931 896 5316 921 886 5317 922 887 5318 931 896 5319 930 895 5320 921 886 5321 932 897 5322 922 887 5323 924 889 5324 932 897 5325 931 896 5326 922 887 5327 933 898 5328 924 889 5329 923 888 5330 933 898 5331 932 897 5332 924 889 5333 934 899 5334 923 888 5335 925 890 5336 934 899 5337 933 898 5338 923 888 5339 935 900 5340 925 890 5341 917 882 5342 935 900 5343 934 899 5344 925 890 5345 936 901 5346 917 882 5347 918 883 5348 936 901 5349 935 900 5350 917 882 5351 901 863 5352 918 883 5353 900 861 5354 901 863 5355 936 901 5356 918 883 5357 676 635 5358 674 633 5359 926 891 5360 692 652 5361 676 635 5362 926 891 5363 937 902 5364 927 892 5365 928 893 5366 937 902 5367 926 891 5368 927 892 5369 938 903 5370 928 893 5371 929 894 5372 938 903 5373 937 902 5374 928 893 5375 939 904 5376 929 894 5377 930 895 5378 939 904 5379 938 903 5380 929 894 5381 940 905 5382 930 895 5383 931 896 5384 940 905 5385 939 904 5386 930 895 5387 941 906 5388 931 896 5389 932 897 5390 941 906 5391 940 905 5392 931 896 5393 942 907 5394 932 897 5395 933 898 5396 943 908 5397 941 906 5398 932 897 5399 942 907 5400 943 908 5401 932 897 5402 944 909 5403 933 898 5404 934 899 5405 944 909 5406 942 907 5407 933 898 5408 945 910 5409 934 899 5410 935 900 5411 945 910 5412 944 909 5413 934 899 5414 946 911 5415 935 900 5416 936 901 5417 946 911 5418 945 910 5419 935 900 5420 901 863 5421 946 911 5422 936 901 5423 694 653 5424 692 652 5425 926 891 5426 947 912 5427 926 891 5428 937 902 5429 709 669 5430 694 653 5431 926 891 5432 947 912 5433 709 669 5434 926 891 5435 948 913 5436 937 902 5437 938 903 5438 948 913 5439 947 912 5440 937 902 5441 949 914 5442 938 903 5443 939 904 5444 949 914 5445 948 913 5446 938 903 5447 950 915 5448 939 904 5449 940 905 5450 950 915 5451 949 914 5452 939 904 5453 951 916 5454 940 905 5455 941 906 5456 951 916 5457 950 915 5458 940 905 5459 952 917 5460 941 906 5461 943 908 5462 952 917 5463 951 916 5464 941 906 5465 953 918 5466 943 908 5467 942 907 5468 953 918 5469 952 917 5470 943 908 5471 954 919 5472 942 907 5473 944 909 5474 954 919 5475 953 918 5476 942 907 5477 955 920 5478 944 909 5479 945 910 5480 955 920 5481 954 919 5482 944 909 5483 956 921 5484 945 910 5485 946 911 5486 956 921 5487 955 920 5488 945 910 5489 902 866 5490 946 911 5491 901 863 5492 902 866 5493 956 921 5494 946 911 5495 711 670 5496 709 669 5497 947 912 5498 957 922 5499 947 912 5500 948 913 5501 724 684 5502 711 670 5503 947 912 5504 957 922 5505 724 684 5506 947 912 5507 958 923 5508 948 913 5509 949 914 5510 958 923 5511 957 922 5512 948 913 5513 959 924 5514 949 914 5515 950 915 5516 959 924 5517 958 923 5518 949 914 5519 960 925 5520 950 915 5521 951 916 5522 960 925 5523 959 924 5524 950 915 5525 960 925 5526 951 916 5527 952 917 5528 961 926 5529 952 917 5530 953 918 5531 961 926 5532 960 925 5533 952 917 5534 962 927 5535 953 918 5536 954 919 5537 962 927 5538 961 926 5539 953 918 5540 963 928 5541 954 919 5542 955 920 5543 963 928 5544 962 927 5545 954 919 5546 964 929 5547 955 920 5548 956 921 5549 964 929 5550 963 928 5551 955 920 5552 903 868 5553 956 921 5554 902 866 5555 903 868 5556 964 929 5557 956 921 5558 726 685 5559 724 684 5560 957 922 5561 965 930 5562 957 922 5563 958 923 5564 738 700 5565 726 685 5566 957 922 5567 965 930 5568 738 700 5569 957 922 5570 966 931 5571 958 923 5572 959 924 5573 966 931 5574 965 930 5575 958 923 5576 967 932 5577 959 924 5578 960 925 5579 967 932 5580 966 931 5581 959 924 5582 968 933 5583 960 925 5584 961 926 5585 968 933 5586 967 932 5587 960 925 5588 969 934 5589 961 926 5590 962 927 5591 969 934 5592 968 933 5593 961 926 5594 970 935 5595 962 927 5596 963 928 5597 970 935 5598 969 934 5599 962 927 5600 905 870 5601 963 928 5602 964 929 5603 905 870 5604 970 935 5605 963 928 5606 904 869 5607 964 929 5608 903 868 5609 904 869 5610 905 870 5611 964 929 5612 739 701 5613 738 700 5614 965 930 5615 749 709 5616 965 930 5617 966 931 5618 749 709 5619 739 701 5620 965 930 5621 748 708 5622 966 931 5623 967 932 5624 747 707 5625 749 709 5626 966 931 5627 748 708 5628 747 707 5629 966 931 5630 971 936 5631 967 932 5632 968 933 5633 971 936 5634 748 708 5635 967 932 5636 972 937 5637 968 933 5638 969 934 5639 972 937 5640 971 936 5641 968 933 5642 906 871 5643 969 934 5644 970 935 5645 906 871 5646 972 937 5647 969 934 5648 879 840 5649 970 935 5650 905 870 5651 879 840 5652 906 871 5653 970 935 5654 752 712 5655 748 708 5656 971 936 5657 127 77 5658 971 936 5659 972 937 5660 127 77 5661 752 712 5662 971 936 5663 128 78 5664 972 937 5665 906 871 5666 128 78 5667 127 77 5668 972 937 5669 125 75 5670 128 78 5671 906 871 5672 102 65 5673 1024 938 5674 101 68 5675</p>
        </triangles>
      </mesh>
    </geometry>
  </library_geometries>
  <library_visual_scenes>
    <visual_scene id="Scene" name="Scene">
      <node id="kinect_m" name="kinect_m" type="NODE">
        <matrix sid="transform">1 0 0 -1.2815e-6 0 -4.37114e-8 -1 -6.74684e-4 0 1 -4.37114e-8 -0.01760616 0 0 0 1</matrix>
        <instance_geometry url="#kinect_m-mesh" name="kinect_m">
          <bind_material>
            <technique_common>
              <instance_material symbol="_1_-_Default-material" target="#_1_-_Default-material">
                <bind_vertex_input semantic="geom-kinect_m-map1" input_semantic="TEXCOORD" input_set="0"/>
              </instance_material>
            </technique_common>
          </bind_material>
        </instance_geometry>
      </node>
      <node id="EnvironmentAmbientLight" name="EnvironmentAmbientLight" type="NODE">
        <matrix sid="transform">1 0 0 0 0 1 0 0 0 0 1 0 0 0 0 1</matrix>
        <instance_light url="#EnvironmentAmbientLight-light"/>
      </node>
    </visual_scene>
  </library_visual_scenes>
  <scene>
    <instance_visual_scene url="#Scene"/>
  </scene>
</COLLADA>